"ResponseId","agency_pub_trans_avail","agency_pub_trans_realistic","agency_uber_avail","agency_uber_realistic","agency_delivery_avail","agency_delivery_realistic","agency_grocery_avail","agency_grocery_realistic","agency_pharma_avail","agency_pharma_realistic","agency_docs_avail","agency_docs_realistic","agency_online_avail","agency_online_realistic","agency_IP_safe_avail","agency_IP_safe_realistic","agency_remote_avail","agency_remote_realistic"
"R_26a3XAqQyCoTWSv",2,2,2,2,2,2,2,2,2,2,2,2,2,2,1,1,NA,NA
"R_3J9rOKUFchdlmDf",1,1,-1,1,1,-2,1,1,-1,1,1,1,2,2,NA,NA,NA,NA
"R_0qSdw7DniJSW4qR",2,2,2,1,1,1,2,1,2,2,2,2,2,2,NA,NA,NA,NA
"R_3hGzVfxA3AkocFb",1,1,1,1,1,1,1,1,1,1,1,1,1,1,NA,NA,NA,NA
"R_2fJbvtAFvztWXYO",1,2,2,1,2,2,-2,-1,1,1,2,2,2,2,NA,NA,NA,NA
"R_1CdpUkNDE2g6PIY",2,1,2,1,2,1,2,1,2,1,2,1,2,1,NA,NA,NA,NA
"R_1rwDCNriljtLP8m",2,2,2,2,2,2,1,2,2,1,2,1,2,1,NA,NA,NA,NA
"R_2tncSn6qSA4p9dL",2,2,2,2,2,2,2,2,2,2,2,1,1,2,2,1,NA,NA
"R_xsc8lfOSGu0KPyF",2,2,2,2,2,2,2,2,2,2,2,2,2,2,2,2,NA,NA
"R_z72uXT6GUcfMPEl",2,1,2,1,2,1,2,1,2,1,2,2,2,2,NA,NA,NA,NA
"R_3rZkqqPScmzK8Bl",2,1,2,2,1,2,2,2,1,2,2,1,2,2,NA,NA,NA,NA
"R_1gqLzgIKYGiTvUE",1,2,-1,1,-1,1,-1,1,1,1,1,1,1,1,2,1,NA,NA
"R_25F0SjKzmPxCsWD",1,1,1,1,1,1,1,1,1,1,1,1,1,1,NA,NA,NA,NA
"R_8k9EmMegYsu9Rzr",2,2,2,2,1,1,2,2,2,2,2,2,2,2,2,2,NA,NA
"R_2RVzIZPjmwuGYYY",1,1,1,2,1,1,1,1,1,1,1,1,1,2,NA,NA,NA,NA
"R_1CwQI9YjRM4zFAF",1,1,1,-1,2,-1,1,1,1,-1,1,-1,1,-1,NA,NA,NA,NA
"R_2SrB5mifRxPmhsf",2,1,1,2,2,1,1,2,2,1,1,2,2,1,2,1,NA,NA
"R_21dl9pe3yJwOwqA",1,1,1,1,1,1,1,1,1,1,1,1,1,1,NA,NA,NA,NA
"R_2bWac1uvr7y7FiJ",2,2,2,2,2,2,1,2,1,1,1,2,1,1,NA,NA,NA,NA
"R_2DU23rin1S1VzIH",1,2,2,2,2,1,2,1,2,1,2,2,1,2,NA,NA,NA,NA
"R_2e2NBFV40quAK7V",1,1,1,1,-1,-1,1,-1,1,1,1,-1,-1,-1,NA,NA,NA,NA
"R_31yFoUlvK8Gwx8M",1,1,1,1,1,1,-1,1,1,1,1,1,1,1,NA,NA,NA,NA
"R_1opqS5hEVQL2YjG",-2,-1,2,1,0,-2,0,-1,-2,-2,-2,-1,-1,-1,NA,NA,NA,NA
"R_3fZBI8NfNoiBeZa",2,-1,2,1,1,-1,2,2,2,2,1,1,2,1,NA,NA,NA,NA
"R_e3Rsa5AEsMYwBSp",-2,-2,-1,1,2,2,2,2,2,2,1,2,2,2,NA,NA,NA,NA
"R_1rCEBx1rk0ItD7X",1,2,1,1,1,1,1,2,1,2,1,1,1,2,NA,NA,NA,NA
"R_2feORDa9ikrsTen",2,1,1,1,-1,1,2,1,1,1,1,-1,1,2,1,1,NA,NA
"R_0GLmoIGHCDqBj2x",2,1,2,1,2,1,1,2,2,1,2,2,1,1,NA,NA,NA,NA
"R_6nuw3AVEtEUexb3",2,2,-1,2,1,2,2,2,2,2,2,1,2,2,NA,NA,NA,NA
"R_1nNOCTSnJ32h0G7",1,1,-1,1,1,1,1,1,2,1,1,2,2,1,NA,NA,NA,NA
"R_2QYQAKaxMQW6v9O",1,1,1,1,1,1,1,1,1,1,1,1,1,1,NA,NA,NA,NA
"R_Rh06tI1mGK8ZLih",2,1,2,1,2,1,2,1,2,2,2,2,2,1,NA,NA,NA,NA
"R_27lYY6dh2sghbYA",2,2,2,1,2,2,2,1,2,2,2,2,1,1,NA,NA,NA,NA
"R_3huRhxWlESwXyJj",-2,-2,-2,1,1,-1,1,-1,1,-1,1,0,-1,0,NA,NA,-1,2
"R_9ppzNADuerHN1xT",1,-1,1,1,1,1,1,1,-1,-1,-2,-2,2,1,NA,NA,NA,NA
"R_1Lp3lD2rdEQzjaI",1,1,-2,-2,-2,-2,-2,-2,0,0,1,1,1,1,NA,NA,1,1
"R_2rO46kuRMPUV9KM",-2,-2,0,1,2,-1,1,1,1,1,2,-1,2,1,NA,NA,NA,NA
"R_333UnygoY9ZTfrm",1,2,1,2,2,1,1,2,1,2,-1,1,1,2,1,2,2,2
"R_3EJNGC5AhHFyWU4",1,1,1,1,1,1,1,1,-1,-1,1,-1,1,1,1,1,2,2
"R_33kz2NBIrySq4B0",1,1,1,2,1,2,1,1,2,2,1,1,1,1,NA,NA,1,2
"R_3Jgaa3m3GYOHUyS",2,2,2,-1,1,-1,1,1,2,2,2,2,1,1,NA,NA,NA,NA
"R_3ManUcvTA4jpag9",1,1,-2,-1,1,-2,1,1,1,1,1,1,1,1,NA,NA,1,1
"R_31A7BM2Kt8QlAnZ",-2,-2,-1,-2,-2,-2,0,-2,0,-2,1,-1,-2,-1,NA,NA,1,2
"R_3qVwuUdZ00Z8hur",2,2,0,1,2,1,1,2,0,1,0,0,2,2,NA,NA,NA,NA
"R_W1IKBABCUxbWo9P",2,1,2,1,2,2,1,1,1,1,1,1,-1,-1,NA,NA,NA,NA
"R_2tul0RenZWd2kKN",-1,1,1,1,1,1,1,1,-1,-1,1,1,1,1,-1,1,1,1
"R_8qRLvQaSc9Fw04p",1,1,-1,1,1,1,1,1,-1,-1,-1,-1,1,1,NA,NA,-1,-1
"R_PwIK79RIwPpXm7v",-2,-2,-2,-2,1,1,1,1,1,2,1,1,1,1,NA,NA,NA,NA
"R_3h53BIIujDFd1u0",2,2,2,2,2,2,2,2,2,2,2,2,2,2,NA,NA,2,2
"R_3qq9p7LXUmfHEOr",1,1,1,1,2,2,2,2,1,1,1,1,1,1,NA,NA,1,1
"R_3MJTfnaBf3oBrjz",-1,-2,-2,-2,1,2,-1,-1,1,1,1,-1,2,2,NA,NA,-2,-2
"R_27CJXihxMb01yMg",-1,-1,1,1,1,1,1,-1,1,1,1,1,2,-1,-2,-2,1,1
"R_rdSbMdAhltkwIuJ",-1,-1,1,1,1,1,1,1,0,0,0,0,1,1,NA,NA,1,1
"R_1mODdiN44OODwVN",-1,-1,1,1,1,-1,-2,-1,-1,-1,0,1,-2,-1,NA,NA,-2,1
"R_3MSyfKG0UDU11Fp",0,0,1,1,1,1,0,0,1,1,1,1,1,1,-1,-1,-1,-1
"R_3MKKmtK8VzxOCT6",1,1,0,0,1,1,1,1,1,1,-1,-1,1,1,NA,NA,NA,NA
"R_3Hq456EJdol0ai6",1,2,2,2,1,2,1,1,2,1,2,2,1,2,NA,NA,1,2
"R_sBdoeztIDmW4K5j",2,2,1,2,1,1,1,2,1,1,2,2,1,1,2,1,NA,NA
"R_eDlP8PBy8NNKg7f",2,2,2,2,2,2,2,2,2,2,2,2,2,2,NA,NA,NA,NA
"R_3P78Eh9DNtx2kft",2,2,2,1,2,1,2,-1,2,1,2,2,2,-1,NA,NA,2,-1
"R_1CD5oJIEmrTpTYk",1,1,-1,-2,2,1,1,1,1,1,1,1,1,2,NA,NA,1,1
"R_3JgGnFqaHqnMe9M",-1,1,1,2,0,1,1,1,-1,1,-1,-1,1,-1,NA,NA,1,1
"R_3LjTKWtjPBf0E87",2,2,2,2,2,2,2,2,2,2,2,2,2,2,NA,NA,2,2
"R_2zY0IdOYeYfLEUb",2,2,2,2,2,2,2,2,2,2,2,1,2,1,NA,NA,2,2
"R_3kcAimGSWdBZYni",2,1,1,2,1,2,1,1,2,2,2,1,2,1,NA,NA,1,2
"R_1pMVYqWAPSg8bAf",1,1,1,-1,1,-1,1,-1,1,1,1,-1,1,1,1,1,1,1
"R_2rp82fh9EkJRqll",1,2,2,2,-1,2,2,1,2,1,1,2,2,-2,2,1,1,2
"R_301Yu6iSwyrtoMY",1,1,1,0,0,0,1,1,1,1,1,1,1,1,NA,NA,1,1
"R_Zqqp7IoztaDdWcF",2,2,2,2,2,2,1,1,2,2,2,2,2,2,NA,NA,NA,NA
"R_3q9WmOQyQYLN7op",2,1,2,1,2,1,2,1,1,2,1,2,1,2,NA,NA,1,2
"R_1eVQ9CJGd784GSD",1,2,1,2,2,2,1,2,2,1,1,2,1,2,NA,NA,2,2
"R_31AcDfcScq0yfm0",1,2,2,-1,1,1,1,-2,0,0,1,2,1,1,1,-1,NA,NA
"R_xzKOOwIsVQPiFmF",2,2,1,2,2,2,1,2,2,1,2,2,2,2,2,2,2,2
"R_AG6QBuRIAffVdND",0,0,1,1,1,1,1,1,1,1,1,1,1,1,NA,NA,NA,NA
"R_3DooCeilTUvpFUM",1,1,1,1,1,1,1,1,1,1,0,0,0,0,1,1,1,1
"R_1gbZTxN55LbKKHv",-1,-1,-1,-1,1,1,1,1,2,2,2,2,2,2,NA,NA,2,2
"R_W0Zq0aBn83bNA6R",-2,-2,-2,-2,-1,1,-2,-1,-2,1,-1,1,-1,-2,1,2,NA,NA
"R_PIEwU8UZqDcmAnL",1,1,0,1,1,1,1,1,-1,1,-1,1,1,1,NA,NA,NA,NA
"R_3iWFKZzL8d8rDaQ",1,1,1,1,1,1,1,1,1,1,1,1,1,1,NA,NA,1,1
"R_0oclVB8OG7HxJiF",0,-2,-2,-1,-2,-1,-2,-1,-2,-1,-2,-1,-2,-1,NA,NA,NA,NA
"R_3IQMkhDgrl7JMQP",1,1,1,1,1,1,1,1,1,1,1,1,1,1,-1,-1,NA,NA
"R_1GWfWcq0dIaTPWH",1,1,-2,-2,1,1,1,1,2,2,2,2,2,2,NA,NA,2,2
"R_1lizr0M9rvCIPL4",2,-1,2,1,2,-1,2,1,2,2,2,1,2,2,NA,NA,2,2
"R_3PpnXdvqGFd29oz",1,2,1,2,1,2,2,1,2,1,2,1,1,1,NA,NA,NA,NA
"R_CgllEr2b13ilDxf",2,2,2,2,2,2,2,2,2,2,2,2,2,2,2,2,NA,NA
"R_1I5iZcdfmz8IunP",2,2,2,2,2,2,2,2,2,2,2,2,2,2,2,2,NA,NA
"R_1MMAwn8FPHP0INS",1,1,2,2,1,2,1,1,1,1,1,1,2,2,-1,-1,-1,-1
"R_2YgHOr6ab6Gg76b",1,-2,2,1,-2,1,0,-1,-2,1,-2,1,2,-2,NA,NA,-2,1
"R_1LBz2C13liSpDRW",-2,-2,-2,-2,0,0,-2,-2,2,1,-2,-2,1,-2,2,-1,NA,NA
"R_3D0B1JxxEtJu69g",1,1,0,0,2,2,1,1,1,1,1,1,2,2,NA,NA,NA,NA
"R_1Cyx0VawqRlyAR4",1,1,1,1,1,1,1,1,1,1,1,1,1,1,1,1,NA,NA
"R_2Y9PBaBjpycofNG",1,1,1,-1,1,1,1,1,1,1,1,1,1,-1,NA,NA,1,1
"R_rq060ZX2r36odX3",1,-1,1,1,2,2,1,-1,1,1,-1,1,1,1,NA,NA,2,1
"R_1gFolUISTof0Qr4",-2,-2,1,1,2,2,1,1,1,1,1,1,2,2,NA,NA,NA,NA
"R_vuU46j3clfJxaG5",2,2,1,-1,0,0,1,1,2,2,2,2,2,2,NA,NA,NA,NA
"R_2VR98KZV0mEFsr3",-1,-1,-1,-1,-2,-2,1,1,1,1,-1,-1,1,1,NA,NA,NA,NA
"R_vDnhuEhtbKkc24x",1,2,2,-1,1,2,2,1,1,-1,2,1,2,2,1,2,NA,NA
"R_21dlqm2GbyWtxrz",1,1,-1,1,1,-1,1,1,1,1,1,1,1,1,NA,NA,NA,NA
"R_WqbbOqHSzUTVhEB",1,1,-1,-1,1,-1,-1,-1,1,1,1,1,1,-1,-1,-1,2,1
"R_1jHSNMZl8ucerVU",1,1,1,2,2,1,1,-1,1,1,-1,2,1,1,2,2,2,1
"R_4MmYYqD6xJrKXQt",0,0,0,0,0,0,0,0,0,0,0,0,0,0,NA,NA,1,1
"R_WdKZtpXdAdiPesp",-1,-2,0,-2,0,-2,0,-2,0,-2,0,-2,0,-2,-2,-1,NA,NA
"R_2QKHhAMSZ9HbkEq",-1,1,1,0,1,1,1,1,0,0,-2,-2,2,2,NA,NA,NA,NA
"R_DCsQtAB9cvJ4R5D",2,2,1,1,1,1,1,1,1,1,1,1,1,1,NA,NA,NA,NA
"R_122VBh160LfMSmw",-1,1,-2,-2,-1,-2,1,1,1,1,1,1,2,2,NA,NA,NA,NA
"R_2PzDGk6OEIe8evQ",1,1,1,1,1,1,1,1,1,1,1,1,1,1,1,1,1,1
"R_1eS1dAVNeO8b3En",2,2,2,2,2,2,2,2,2,2,2,2,2,2,2,2,NA,NA
"R_2flFpWD25Ft6YC9",-1,2,1,2,1,2,1,1,2,2,1,2,2,1,2,2,1,1
"R_31ctcRRSz9FJk2v",1,1,1,-1,0,0,1,1,1,1,1,1,2,2,NA,NA,NA,NA
"R_2Ezsy3MNF6QVAbP",2,1,2,1,2,1,1,1,2,1,1,1,2,1,NA,NA,1,2
"R_AmS1Y9XerPsx3i1",1,1,2,2,2,1,2,1,2,1,2,2,2,1,1,1,2,1
"R_23dIw7XF30RC2mV",1,1,1,1,1,1,1,1,1,1,1,1,1,1,NA,NA,NA,NA
"R_3NVzM2IRaLuhsVu",1,1,1,-2,-1,-1,-1,-1,1,1,0,0,1,1,NA,NA,NA,NA
"R_WoLDZBz8OEDPPdT",2,2,2,2,2,2,2,2,2,2,2,1,2,1,NA,NA,2,2
"R_Or3HBaBPw2rgO1b",2,1,2,2,2,2,2,2,2,2,2,2,1,2,NA,NA,2,1
"R_28ZJSTwnShdD9Kk",0,0,0,0,-2,-2,-2,-2,0,0,1,1,-2,-2,NA,NA,NA,NA
"R_1kNs2TzgEf2Yjv1",1,1,1,1,1,1,0,0,0,0,0,0,0,0,NA,NA,NA,NA
"R_2f1ikdBAuwt7A5n",2,2,1,2,0,2,1,1,1,1,1,1,1,1,NA,NA,1,2
"R_2sn0JvGRBEnW8gx",2,2,2,2,2,2,2,2,2,2,2,2,2,2,NA,NA,2,2
"R_1ozQ5DmmaFiT9Fj",2,1,2,1,2,1,2,1,2,1,2,1,2,1,NA,NA,2,1
"R_2ZUkZ1fZrlgfP3T",2,2,2,2,2,2,2,2,2,2,2,2,2,2,NA,NA,NA,NA
"R_0uZgT1R6o8dxHFv",1,2,1,1,1,2,2,1,-1,1,1,1,2,2,1,2,2,2
"R_1NmNl0jkHaWkkcs",1,0,1,-1,1,1,0,0,1,1,1,0,1,1,NA,NA,1,1
"R_2PzeOoTBhiqfnyx",-2,-2,1,1,2,1,1,1,1,-1,-1,-1,2,2,NA,NA,2,2
"R_6tUuxYTGSf4jCaR",2,2,2,1,2,2,2,1,2,2,1,1,1,2,-1,2,NA,NA
"R_eECSozKjXCwfDbP",1,2,1,1,2,2,2,2,1,2,1,2,2,1,NA,NA,2,2
"R_2z70McjBa7vVPUM",1,1,0,-1,1,1,1,1,1,1,1,1,1,1,2,1,NA,NA
"R_BLBFeg3HLeO9Hz3",2,2,1,-1,1,1,2,2,-2,1,-1,1,2,2,1,-2,NA,NA
"R_OwLaRZnrmACeU93",1,-1,1,-1,-1,1,1,1,-1,-1,1,1,1,-1,-1,-1,NA,NA
"R_3Gdm6O9Acdfe3Sm",1,-1,-2,-2,1,1,-1,-1,1,1,1,1,1,2,NA,NA,1,-1
"R_3nctB3JIIZNh5Pz",-1,1,1,1,1,-1,-1,-1,1,-1,-1,-1,1,1,-1,-1,1,1
"R_2zw5rihrVPD8XwJ",2,1,2,1,2,1,2,1,2,1,2,1,2,1,NA,NA,2,1
"R_ysgNEmdg4iRFTk5",1,1,2,1,2,2,1,-2,2,0,2,2,0,1,2,1,NA,NA
"R_yPkSgpYVgZZFunf",2,1,2,1,2,1,2,1,2,1,2,1,2,1,NA,NA,2,1
"R_V4GzvZ5ySuNiC2J",1,1,1,1,1,1,1,1,1,1,1,1,1,2,1,2,2,2
"R_OJ1EyQR44u1kcM1",0,-1,-2,-2,-1,1,1,1,0,-1,-2,1,-2,0,NA,NA,NA,NA
"R_3Kwq2nPsl4od3aW",2,2,-1,0,2,2,1,1,2,2,2,2,2,2,NA,NA,NA,NA
"R_3CBJHdZ5xRLzpOX",1,1,1,1,1,1,1,1,1,1,1,1,2,2,NA,NA,2,2
"R_2qgtpLK0fEPFu92",-2,1,1,1,1,1,-2,-1,-1,1,-1,1,-1,-1,-1,1,NA,NA
"R_NVcunyTCkfoqtWN",2,-2,-2,0,1,-2,2,2,1,1,2,1,2,2,NA,NA,NA,NA
"R_SJnjHPOIeE8xO7f",2,1,2,1,2,1,2,1,2,1,2,1,2,1,NA,NA,2,1
"R_3NJycQoHiLjS28b",1,1,1,1,1,1,1,1,1,-1,1,1,1,1,NA,NA,1,1
"R_3KMxYjTgLWQBV1H",2,1,2,1,2,1,2,1,2,1,2,1,2,1,NA,NA,2,1
"R_32UPcvem08DwMFh",1,1,1,-2,2,-1,-1,-1,1,1,1,1,2,2,NA,NA,1,-1
"R_1ookOBrSNkB5hRk",-2,-1,0,1,0,-1,-1,1,-1,-1,-1,-1,0,1,1,-1,-1,-1
"R_3hFlOYRXwSmTbql",-1,1,-2,-2,1,-2,0,0,0,0,0,0,1,1,NA,NA,-2,-2
"R_3kdmwQFtJIlMyyh",1,1,1,1,1,1,1,1,1,1,1,1,1,2,NA,NA,1,1
"R_z5Ms57bYLdixnVv",1,-1,1,-1,1,1,1,2,1,1,-1,1,1,1,NA,NA,1,2
"R_1C3omrxbhxLdKRe",2,1,2,1,2,2,2,2,1,2,2,2,2,2,NA,NA,2,2
"R_2eaF15bXrM69J6P",2,1,2,1,2,1,2,1,2,1,2,1,2,1,NA,NA,2,1
"R_3O7IfQvFn4R31OM",2,2,0,0,2,1,1,1,1,2,1,1,2,2,NA,NA,NA,NA
"R_6s4z4Bz6GbUhTzj",2,2,2,2,2,2,2,2,2,2,1,2,2,1,NA,NA,2,1
"R_qPluoayIxtAaE9z",2,1,2,1,2,1,2,1,2,2,2,1,1,2,NA,NA,2,1
"R_sS7pvDizY98NJTz",1,1,1,1,1,-1,1,1,1,1,-1,-1,2,1,NA,NA,NA,NA
"R_2azYymCu5m1Fe8X",2,1,1,1,1,1,1,2,1,2,-1,1,-1,1,1,1,NA,NA
"R_10YMlQrMEfbpmSC",1,1,2,2,1,1,1,2,2,1,1,1,2,2,1,1,1,1
"R_3lrWUgzMLL5frdU",-1,-1,1,2,1,2,-1,2,2,1,1,2,1,1,-1,2,NA,NA
"R_3EcHA1iLGa3QU87",1,1,0,0,0,0,0,0,1,1,1,1,2,2,NA,NA,NA,NA
"R_3fBFMJR6nEXWTJU",2,2,1,1,1,1,1,1,1,1,0,0,1,1,NA,NA,NA,NA
"R_3fHO9vMi5v2Jy1E",1,-1,1,-2,1,-2,-2,-2,-1,-1,-1,-1,1,-1,NA,NA,-1,-1
"R_b7ue0n3VttLQZ8J",2,1,2,1,1,-1,1,1,2,1,2,1,2,-1,1,1,NA,NA
"R_3HUKmDYVP3oB1OW",2,1,2,1,2,1,2,1,2,1,2,1,2,1,NA,NA,2,1
"R_3m2UDjJSpomgIBT",2,1,2,1,2,2,2,1,2,2,2,1,2,1,NA,NA,2,2
"R_3nrBNPcUA9VWLS1",-2,1,1,2,1,1,-1,2,1,2,1,2,-1,-1,2,2,NA,NA
"R_1OkliczbYbSw9DG",2,2,2,2,2,2,2,2,2,2,2,2,2,2,NA,NA,2,2
"R_2OJzVC74Wh9V97N",2,1,2,1,2,1,2,1,2,1,2,1,2,1,NA,NA,2,1
"R_2uyrJwNYiKvOtr0",2,-2,2,1,2,1,2,2,2,2,2,1,2,1,NA,NA,2,2
"R_8ADhzIb03iI81ix",2,-2,2,-2,2,-2,2,2,2,2,1,-2,1,1,NA,NA,NA,NA
"R_1H5I2J1XfuxxiVt",2,2,2,2,1,2,2,1,2,2,2,1,2,2,NA,NA,2,1
"R_2CJuwGyutXUuPyy",1,-1,2,1,2,2,1,1,1,1,1,1,2,1,NA,NA,NA,NA
"R_1q7C3HrSs07ZLBu",1,1,2,1,1,1,2,1,2,1,1,1,2,1,1,2,1,2
"R_tRLbbeaA9yKLDTH",1,-2,1,-1,1,1,1,1,1,1,-1,-1,-1,-1,NA,NA,-1,1
"R_0fF6nFXyIQNBQSR",2,2,2,1,2,1,1,1,2,2,1,1,2,1,NA,NA,2,2
"R_1pt9ZIZ8wGpCIRC",2,1,2,1,2,1,2,1,2,1,2,1,2,1,NA,NA,2,1
"R_1hGc2c0Hfw1lr1f",2,2,2,1,2,1,2,1,2,2,1,1,2,1,NA,NA,2,2
"R_3Eu9TUEJZ5PiJlN",2,1,1,2,1,2,1,2,2,1,2,1,2,1,NA,NA,2,1
"R_2SdH30bypgtKBKO",1,-1,1,-1,1,1,1,-1,1,1,1,1,1,1,NA,NA,1,1
"R_1duwIJbLb2HZUzS",2,1,1,-1,1,2,1,1,1,1,2,2,2,2,NA,NA,NA,NA
"R_1rAmJcr29tT8Kyx",-2,2,-1,2,-1,1,1,2,-2,2,-1,2,-1,-1,2,1,2,2
"R_etzA6qAPq3twCuR",1,1,1,1,1,1,1,1,2,1,1,1,1,1,NA,NA,NA,NA
"R_2Ea9xUrmUQtexP6",2,1,1,2,1,2,1,2,1,2,1,2,1,2,NA,NA,1,2
"R_2QFEFSJgZqIZU03",1,1,-1,-1,-2,-2,-1,-1,1,1,1,1,-1,-1,NA,NA,-1,-1
"R_2qeq88h3D7XuVm9",1,2,1,1,2,1,1,2,2,1,1,2,2,1,2,1,1,2
"R_XZEE09SoYdkP71v",2,1,2,1,2,1,2,1,2,1,2,1,2,1,NA,NA,2,1
"R_D0Pu7KMWRJPaK5j",-1,-1,0,0,1,1,1,1,1,1,1,1,2,2,NA,NA,NA,NA
"R_28ZAxI5XkYBn6YV",2,1,2,1,2,1,2,1,2,1,2,1,2,1,NA,NA,2,1
"R_1Eg0J2rMTfvr1HZ",2,2,2,2,2,1,2,2,2,2,2,1,2,2,1,2,1,2
"R_1lgWkrstOtinsvy",-2,-1,2,2,2,2,-1,-1,1,1,1,1,2,2,NA,NA,-1,-1
"R_1pEX6KsmQJXHNTD",2,1,2,1,2,1,2,1,2,1,2,1,2,1,NA,NA,2,1
"R_2VfF5QtAt5Px4vE",2,2,1,1,2,2,2,2,2,1,1,1,-2,-2,-1,-1,-1,-1
"R_1IK997BkJhMR2Mf",1,1,-1,2,2,2,1,-1,1,2,-1,1,2,1,NA,NA,2,1
"R_2TnqDq26V6hQpub",2,1,2,1,2,1,1,2,1,1,2,2,-1,2,NA,NA,NA,NA
"R_2zdrtwuPWESmpSw",1,1,1,1,1,1,1,1,1,1,1,1,1,1,NA,NA,NA,NA
"R_3gTT3MPWEWonaVB",2,1,2,1,2,2,1,2,2,1,1,2,1,2,NA,NA,2,1
"R_5jUnKHVoPNF6ppf",2,2,2,2,2,2,2,2,2,2,2,2,2,2,NA,NA,NA,NA
"R_3hGTVIZ4gMEHozJ",1,1,1,2,1,2,-1,-1,1,1,1,1,2,2,NA,NA,1,2
"R_1NrDSk7z88pd5dQ",1,1,1,2,1,2,2,1,2,1,2,1,1,2,NA,NA,2,1
"R_tSzllTb4RgrBCtr",2,1,-1,-2,2,1,1,1,1,1,-1,-1,-1,-1,NA,NA,1,1
"R_vdFagimk9cjImQ1",1,2,2,1,2,2,2,2,2,2,2,1,1,1,NA,NA,2,1
"R_1hAtZuCIaLE52xN",1,1,0,0,0,0,-1,-1,0,0,-1,-1,1,-1,1,1,1,1
"R_3M5xwYDaGxcpJ8q",-2,1,-2,-2,1,0,-2,-2,-1,2,-1,-1,-1,-1,1,1,NA,NA
"R_30xjTf5X7J0QMS8",1,1,1,-2,1,-2,1,-2,-2,-2,-2,-2,1,1,NA,NA,1,1
"R_1hLsYkjPudThDtj",1,1,0,-2,-2,-2,1,1,1,1,1,1,1,-1,NA,NA,1,1
"R_T6CF8CBEUE9Juk9",1,1,-2,-2,2,1,-1,-1,1,1,-1,1,1,1,NA,NA,NA,NA
"R_1mqGS13Z9hMxzVR",1,1,0,0,0,-1,1,1,0,1,2,2,-2,-2,NA,NA,NA,NA
"R_3kbHuzglTGmmXkC",1,1,-1,1,2,1,1,2,1,1,1,1,1,-1,NA,NA,1,-1
"R_22X2Y40eT2j1eVm",2,-2,1,1,2,2,-1,-1,2,2,2,2,2,2,NA,NA,2,2
"R_3ktv20pERjdTPpY",1,-1,1,1,1,1,1,1,1,1,1,1,1,1,NA,NA,NA,NA
"R_33fE8wGHWV7erfo",2,1,2,2,2,-2,2,2,2,2,2,2,1,1,NA,NA,NA,NA
"R_cVhuSZvTBo4P54d",1,1,0,-2,1,-1,1,1,2,2,2,1,1,1,NA,NA,2,1
"R_41lfB1UmIlxX8s1",1,1,0,0,0,0,1,1,1,1,1,1,1,1,NA,NA,-2,-2
"R_C14GsJjOnx1Bpzr",1,1,0,1,1,1,1,1,1,1,0,1,1,1,NA,NA,1,1
"R_RF5QcB2VJnqLgWJ",2,2,0,-1,0,0,2,2,2,2,2,1,1,1,NA,NA,NA,NA
"R_2EmgZ3YUeoq7oOl",1,2,-1,2,1,2,1,2,1,2,1,2,1,2,NA,NA,1,2
"R_2U2XjMqLWiVakG6",2,1,1,1,1,0,1,1,2,2,2,2,2,1,NA,NA,NA,NA
"R_1TinlaQlMbiDlcZ",2,2,-1,1,-1,1,1,1,1,1,1,2,-1,-1,1,1,NA,NA
"R_1H6xnZvPxbcTlEl",1,1,0,1,0,1,0,0,1,1,1,1,0,0,NA,NA,NA,NA
"R_bOaGpEpSMEcxh29",2,2,0,0,0,0,2,2,2,2,-1,0,2,2,1,2,NA,NA
"R_2DP6feiPVRYHNlM",0,2,2,2,2,2,2,2,2,2,2,2,2,2,2,2,2,2
"R_25KGPn3dELBUH7S",-2,-2,-1,-2,-2,-2,-2,-2,-1,-2,-2,-2,-1,-1,-1,-1,NA,NA
"R_1DzJASQOXieylEd",2,2,2,2,2,2,2,2,2,2,2,2,2,2,-1,-1,NA,NA
"R_3dDGO7FoHayPdq2",1,1,1,1,2,2,1,1,2,2,1,1,2,2,NA,NA,NA,NA
"R_2v07bp4gkDzry9G",2,2,2,2,2,2,2,2,2,2,2,2,2,2,NA,NA,NA,NA
"R_3m4S1ZDHnujnPtz",2,2,2,1,2,-2,2,-1,2,2,1,2,2,-1,NA,NA,2,2
"R_2q1LNkG4H1DPgmQ",2,1,1,1,1,1,1,1,1,1,1,1,2,1,NA,NA,1,1
"R_3hsFYKO9vv0QMMf",1,1,2,-1,2,1,-2,-2,2,2,2,2,-1,-1,NA,NA,NA,NA
"R_cBhOFOLApMqJwqZ",1,0,2,1,1,-1,1,1,1,1,1,1,-1,-1,NA,NA,NA,NA
"R_3M51SdYPau0wXLt",2,-2,2,1,2,2,1,1,2,2,2,-1,2,2,NA,NA,2,2
"R_1IRvWIKAAsszXtl",1,1,1,-2,1,1,-1,1,-2,-2,-2,-2,1,-2,-2,-2,NA,NA
"R_3KH34hrR3zNPW2V",1,1,0,0,1,1,1,1,1,1,-1,-2,1,1,NA,NA,1,1
"R_yxr7e2VkSPKI5QR",-1,1,1,1,1,1,-1,1,1,1,1,1,1,1,1,1,NA,NA
"R_3dS9CJYh8G1hFuZ",1,2,1,2,1,-1,1,2,-1,1,1,2,-1,-1,1,-1,NA,NA
"R_2w1vcUdMkcoRrTG",0,-2,2,-1,-2,1,0,1,0,2,-1,1,-1,1,NA,NA,1,1
"R_2fJUdC40koSehK0",1,1,1,1,1,1,1,1,1,1,1,1,1,1,NA,NA,1,1
"R_3MyWkVWUiD4ocA6",2,2,1,1,1,1,1,1,2,2,1,2,1,1,1,1,-1,1
"R_2ARRNvCIwPP1HhW",-2,-1,-2,1,-2,-1,1,-2,-2,-1,-2,1,0,1,NA,NA,-1,-1
"R_2cbmiO7NM58r1D8",-1,-1,-1,-2,-1,-2,-1,-1,-1,0,-1,-1,-1,-2,NA,NA,-1,-1
"R_1FRI8CCQYvjW5oS",-1,2,2,2,2,2,-1,-1,2,2,2,2,2,2,NA,NA,NA,NA
"R_2XcUx0PC4DrFF37",1,-1,1,-1,1,-1,1,-1,1,-1,1,-1,1,-1,NA,NA,1,1
"R_2zGSwpaqLRq0i7y",2,2,0,-1,2,2,2,1,1,-1,2,2,2,2,NA,NA,2,2
"R_2tGvbtuRUAjJRul",1,1,1,1,2,2,1,1,1,1,1,1,2,2,NA,NA,NA,NA
"R_d69HmrgF8HTXHS9",2,1,1,2,2,2,2,1,1,2,1,2,2,1,1,2,2,1
"R_2y79HVwQGNbrQed",1,-1,1,1,-1,-1,-1,-1,2,2,2,2,2,2,NA,NA,2,1
"R_1mQIIYdKTZS8oVb",2,2,-2,-2,2,2,1,1,1,1,1,-1,2,2,NA,NA,-1,-1
"R_3m80V0ciKHE0DRK",1,1,1,-1,1,-1,1,1,1,1,1,1,1,1,NA,NA,NA,NA
"R_3Rg541d9iwwkvJP",1,1,-1,2,-1,-1,1,1,1,1,2,2,-1,1,1,2,NA,NA
"R_WDJm2JEXqhH4HXr",1,1,2,2,1,1,1,1,2,2,1,1,2,2,NA,NA,NA,NA
"R_1ODzvaDMCcQzLGe",1,-2,2,2,1,2,1,1,1,-1,2,1,2,2,NA,NA,1,-1
"R_2Pnwf1azbYVLfsW",2,2,-1,-2,1,1,2,2,1,1,1,1,-1,-1,NA,NA,NA,NA
"R_2rGvfBSN32di7IY",-1,1,1,1,1,1,1,1,1,1,1,1,1,1,1,1,NA,NA
"R_1dgVjB6qprc7Sy6",2,2,2,2,1,2,1,1,2,2,1,2,1,1,NA,NA,2,2
"R_2QFFNcKXqiH767c",1,2,2,2,2,2,2,2,2,2,2,2,2,2,NA,NA,2,2
"R_2rVz86VIWXnFzzP",1,1,0,0,1,-1,1,1,1,-1,1,-1,1,1,NA,NA,1,2
"R_3iqKLHeSUaqxV9w",1,-2,2,1,2,2,1,2,2,2,2,2,1,1,NA,NA,2,2
"R_3PA15nY9g5vlaz2",-2,-2,-2,-2,0,-2,-1,2,-2,1,-2,-1,-1,-2,NA,NA,-1,-2
"R_2sXzTqR7G1mpPfM",2,1,0,0,1,1,1,1,2,2,2,2,2,2,-1,-1,-2,-2
"R_1Cd9YU1Rbz4rMA4",2,1,-2,1,1,1,1,1,1,2,1,2,-1,-2,1,1,NA,NA
"R_xyJMbNfI2avc2nn",-1,1,1,-2,1,-2,-1,-1,1,1,1,1,1,1,NA,NA,2,2
"R_123k9PhJeovcH9V",1,1,0,-2,1,1,-1,-1,1,1,1,2,1,1,NA,NA,2,2
"R_24pdV7vjYupl0nm",1,1,1,1,-1,-1,-1,-1,1,-1,0,0,1,1,-1,-1,NA,NA
"R_3r0ex9DKuABRmV6",1,2,1,1,2,2,2,2,1,1,2,2,-1,-1,NA,NA,2,2
"R_3DdKl18B4ehRhkR",-1,1,1,1,1,-1,1,1,-2,1,1,1,1,1,NA,NA,1,1
"R_1mOyxdF34eR2kVO",1,1,1,-2,1,-2,-1,-2,1,-2,-1,-1,1,-1,NA,NA,1,1
"R_sUqALUxbF9JRJJv",2,1,2,-1,2,1,-1,-1,1,1,1,1,2,1,1,-2,1,1
"R_2vYRzoWbfC40ERy",2,2,2,2,2,2,0,0,2,2,2,2,1,1,NA,NA,1,1
"R_3JfaCE7Gk0dqWsk",2,1,1,2,1,1,1,1,1,1,1,1,2,1,NA,NA,1,1
"R_D1asq1lcL2eRlD3",1,1,-1,-1,1,-2,-1,-1,1,1,-1,-1,1,-1,NA,NA,1,1
"R_2vdc0Yz1tRA5zvi",-1,1,-1,-1,-1,-1,-1,-1,1,1,1,1,1,1,NA,NA,NA,NA
"R_1DCMdeGo0127i06",-1,-2,1,1,-2,-1,-2,-1,-2,-2,-2,1,-1,-2,NA,NA,-2,2
"R_C1BjVDDCy1dohUZ",1,-2,2,2,2,2,2,2,2,2,2,2,2,2,-1,-1,1,1
"R_3fQ3ue27D86kBJw",2,2,1,-2,1,-1,1,1,1,1,2,2,2,1,NA,NA,NA,NA
"R_xDCQzvdB3UcVlgl",-1,-1,-2,-2,1,1,0,0,0,0,1,1,-1,1,NA,NA,NA,NA
"R_2PcGLnILZojwQPl",1,0,1,1,-1,-1,-2,-2,-1,-2,-1,1,-1,-2,NA,NA,1,-2
"R_1Ip9tDoTZhco9Ut",1,1,-1,-2,-2,-2,-2,-2,1,1,1,1,2,2,NA,NA,NA,NA
"R_r9fk4L6EqdPENRn",1,1,1,1,0,0,1,1,1,2,2,2,1,2,NA,NA,2,2
"R_25F02ah2c9ebXZl",-2,0,-2,-1,-2,0,-2,0,-1,0,1,0,-1,0,1,1,-1,-1
"R_3hF0Y2xIeWgYxbB",1,1,1,1,1,-1,1,1,1,1,-1,-1,1,1,NA,NA,NA,NA
"R_1OH8PYp8E9LiHq8",1,-2,2,1,2,2,1,1,1,1,1,1,2,1,NA,NA,NA,NA
"R_2EofCKVJupJGlw5",1,1,1,-1,-1,-1,-2,-2,2,2,2,2,2,1,-2,-2,NA,NA
"R_TdQsbD5Sr87HERP",1,1,1,2,1,1,1,1,1,1,1,1,2,2,NA,NA,NA,NA
"R_tRNGrk0gKGpJITn",-1,1,1,1,2,-2,1,1,-1,1,1,1,1,1,2,1,1,1
"R_02o2D09NfVJOHD3",1,-1,1,-2,1,-1,1,1,1,1,2,2,2,2,2,2,NA,NA
"R_R2C3QWgw8zbDx7P",0,-1,1,-2,2,-2,-2,-2,-1,-1,-2,-2,1,-2,NA,NA,NA,NA
"R_1jkNgiPkJqYSizr",2,2,1,-1,1,1,1,1,-1,-1,1,1,1,1,NA,NA,NA,NA
"R_1rNxGAaeB6DB9lJ",-1,-1,0,0,1,1,1,2,1,1,1,1,2,2,NA,NA,NA,NA
"R_2wMEILbAKyg0UyS",1,1,0,0,0,0,1,1,1,1,1,1,0,0,NA,NA,NA,NA
"R_2Pb6fKL0QCP5E9W",0,0,0,0,0,0,0,0,0,0,0,0,0,0,-1,-1,NA,NA
"R_Bx0XmId8hkerUZj",2,2,1,-1,1,-1,1,1,-1,-1,1,1,1,1,NA,NA,NA,NA
"R_1BPtM7USZIKlSYF",1,1,2,2,2,1,1,2,2,1,1,2,2,2,2,2,2,2
"R_12DbkYX6KtQ8HQj",1,1,1,2,1,2,2,1,2,1,1,1,2,1,NA,NA,2,1
"R_2z8b1TOeJPDN6xf",2,1,1,-1,2,2,-1,-1,1,1,-1,-1,2,1,NA,NA,2,2
"R_tXad2Ac7bAge3lf",0,-2,-2,-1,-1,1,2,1,1,-1,-1,-2,-2,0,NA,NA,-2,-2
"R_3iQhftDXyMnZ8tu",1,1,-1,1,-1,-1,1,-1,1,1,1,1,1,1,NA,NA,1,-1
"R_1Lui8RFNFUCL5EC",1,-1,2,-2,1,-2,-2,-2,1,1,-1,-1,1,-1,NA,NA,1,-2
"R_3dVUQhF334zZr8K",1,2,0,0,0,0,1,1,1,-1,1,1,1,1,NA,NA,-2,-1
"R_1QcHnaULob0hBXA",2,2,1,-1,1,-1,1,1,1,1,1,1,1,1,1,1,1,1
"R_1KvSERIVch28rSk",1,1,-1,-1,1,1,1,1,1,1,-2,1,-2,-1,-1,1,NA,NA
"R_22tTlf1uHcOVHYN",2,1,-1,-2,1,-2,1,1,1,1,1,1,2,1,NA,NA,NA,NA
"R_vYNd3Qgm6GxXfMJ",2,-2,1,1,1,1,1,-1,1,-1,1,-1,2,1,NA,NA,NA,NA
"R_1qb43ww81ebC1zJ",1,-1,1,-1,1,1,1,1,1,1,-1,-1,1,1,NA,NA,1,1
"R_03dOZigqC0YU0kF",1,1,-1,-1,1,1,1,1,1,1,1,1,1,-1,NA,NA,1,1
"R_2c8IjOXv8tZ1sMs",1,1,-1,-1,1,1,-1,1,1,2,1,1,1,1,1,1,NA,NA
"R_31FXrhzYSagx3YN",2,1,1,-2,2,1,1,1,2,2,-1,-2,2,2,NA,NA,1,1
"R_STbNSlStkoi1Ych",1,1,-1,-1,1,-1,1,1,1,2,2,2,2,2,2,2,NA,NA
"R_PNipF5toXXtRxXH",1,-2,1,1,1,1,1,1,1,1,-1,-1,1,1,NA,NA,NA,NA
"R_3gUBaHRYibbVr8l",2,1,-2,2,0,2,0,2,-1,1,-2,-1,-2,-2,NA,NA,1,1
"R_WoL4HfdHFKRZlUR",1,-2,1,-1,1,1,-1,-1,1,1,1,1,1,1,NA,NA,2,2
"R_2SuB8WEHsAOF8yJ",2,2,2,2,2,2,2,2,2,2,2,2,2,2,NA,NA,NA,NA
"R_299UAIIFfxnPL4V",1,2,1,2,1,1,2,1,1,2,1,1,0,1,1,2,1,2
"R_54n4j75u57anBHX",1,1,1,-1,1,-1,1,1,1,1,-1,-1,1,1,NA,NA,2,1
"R_1geBndhPr8x7hGz",2,2,1,2,2,2,1,2,1,2,2,2,2,2,1,1,2,2
"R_1g1quC9XhI8kzKS",1,2,2,2,2,-1,2,2,2,2,2,2,1,1,NA,NA,2,2
"R_2c1RLPiBnUGBy7A",2,2,2,2,2,2,2,2,2,2,2,2,2,2,NA,NA,2,2
"R_2rPgLW3ca2iFiJ2",1,1,-1,0,1,1,1,1,1,1,-1,-1,1,1,NA,NA,NA,NA
"R_27wVLUvmJu61BGr",0,1,2,2,2,1,-1,-1,2,2,2,2,2,2,NA,NA,NA,NA
"R_2zRZv55C230Zgdl",-2,1,2,2,1,-1,-1,1,-2,-1,-1,2,2,2,1,1,NA,NA
"R_1Ka3UJGBCZAfeB2",1,1,1,-1,2,2,1,1,1,1,2,2,2,2,NA,NA,1,-1
"R_2Vxyp32wkqxnOjg",-1,-2,1,1,1,1,-1,-1,1,1,1,1,1,1,2,1,NA,NA
"R_3n8Z9h4x2wFKGcR",1,1,1,0,1,1,-2,1,1,1,-1,-1,2,2,-1,1,2,2
"R_2eRwlT9xtJNf3xP",1,1,1,-1,1,-1,1,1,-1,-1,1,1,1,1,1,1,1,1
"R_3IT5t2I598zgKZM",1,1,-1,-1,2,1,1,1,1,1,1,1,2,2,NA,NA,NA,NA
"R_2E0jeAooZAFNtZk",2,2,1,1,1,2,-1,-1,1,1,1,1,1,2,NA,NA,NA,NA
"R_3ewOM3fxJnJlwNs",1,1,1,2,1,1,1,1,1,1,1,1,1,1,NA,NA,1,1
"R_2Tq4LMd2pneZiWf",1,2,1,2,-1,1,1,2,1,2,1,1,2,-1,2,1,NA,NA
"R_2xRfUj03DFr3epg",-2,1,1,1,-2,1,1,-1,1,2,-1,-2,-1,1,-2,1,NA,NA
"R_33CtlBIDcXsFuZf",2,2,2,2,-2,-2,-2,-2,1,1,1,1,-1,-1,NA,NA,-1,-1
"R_31afE9Ls4otewQy",1,1,1,1,1,1,1,1,1,1,-1,-1,1,1,NA,NA,1,1
"R_2ri3pbdtaiKaGhp",1,1,0,0,0,0,1,1,1,1,1,1,0,0,NA,NA,NA,NA
"R_XjglZpjeeEInJOF",-1,-2,-2,-2,-1,0,-1,-2,1,-2,-1,0,-1,-2,2,-1,NA,NA
"R_3oKD2LMAC3zJeyd",1,1,2,1,1,1,2,2,1,1,1,1,2,1,NA,NA,2,2
"R_1FvfQIou0OTlQFX",2,2,2,2,2,2,2,2,2,2,2,2,2,2,NA,NA,NA,NA
"R_2wmeDVo2ZdRYmUT",1,1,1,-1,1,1,1,1,1,1,1,1,1,1,NA,NA,NA,NA
"R_1QKhgKlauBISgR0",1,2,1,-1,-2,1,1,1,1,1,-2,-1,1,-1,NA,NA,1,1
"R_snenThehyiepiP7",1,-1,2,1,2,1,-1,-1,2,2,2,2,2,2,2,1,NA,NA
"R_1lABqJBTBG88y7k",-1,-1,1,1,1,1,1,1,0,0,-1,-1,1,1,NA,NA,NA,NA
"R_10OfJGPWVSRcSp2",2,2,1,-1,1,-1,1,1,1,1,1,1,1,-1,NA,NA,NA,NA
"R_3Nx19PODelttRA8",-1,1,1,2,2,1,1,-1,2,1,1,2,1,2,NA,NA,NA,NA
"R_2P5Xfc4ilIJHv7I",2,2,0,-2,2,2,-2,-2,2,2,1,1,2,2,NA,NA,NA,NA
"R_21p96ephqV1igj6",2,2,1,2,1,2,1,1,2,2,2,2,2,1,NA,NA,NA,NA
"R_3NOiv4QgFU40LmQ",-2,-1,2,1,1,1,-1,-1,1,1,1,1,2,2,NA,NA,NA,NA
"R_1F8N3mWFMoosetQ",-1,-1,1,1,1,1,1,1,1,1,-1,-1,2,1,NA,NA,-1,1
"R_12QO0TFVEUOUOu9",1,-1,-2,1,1,1,-1,-1,-1,-1,-1,-1,1,1,NA,NA,NA,NA
"R_2BzieCaEdNr0zck",1,1,1,-2,2,1,-1,1,2,1,-2,-2,1,1,NA,NA,2,2
"R_CmilQu95T8j8Gjf",-1,-2,-2,2,1,-1,-1,0,-1,-1,2,0,0,-1,NA,NA,-2,2
"R_3oHkvmX9frFx33G",1,2,-1,1,1,-2,-1,1,-1,1,1,1,-2,1,NA,NA,1,2
"R_3oF7VRhdK5ubn1F",1,1,1,1,1,1,1,1,1,1,1,1,1,1,NA,NA,NA,NA
"R_3IY4vMOjoILexsx",1,1,-2,1,1,1,1,1,2,-1,1,-1,-2,-2,NA,NA,-1,1
"R_3W5FpdFRaLqwsSZ",1,2,1,2,-2,-1,1,1,2,2,2,1,-1,-1,NA,NA,NA,NA
"R_2uyokmcB36uxXCX",2,2,2,1,2,1,2,1,1,1,-1,-2,1,-1,2,-1,NA,NA
"R_2vdZR9CowtB6OId",2,1,2,2,2,1,1,2,1,2,2,2,2,1,2,2,NA,NA
"R_pbm7cORUS5OfR8R",0,0,0,-1,2,2,1,2,0,-2,0,0,1,1,NA,NA,NA,NA
"R_3DiqoASSkQOvqs4",1,-1,1,-1,1,-2,-1,1,-1,-1,1,-1,1,1,NA,NA,NA,NA
"R_2XmPd6n3G93zkfs",1,-1,1,-1,1,1,1,1,1,1,1,1,1,1,NA,NA,-1,-1
"R_OduKCCtXY3wsHHH",-2,-1,0,-1,1,1,1,1,1,1,1,1,1,1,NA,NA,1,1
"R_3h6JUkpmWbLCZmE",0,0,0,0,0,0,0,0,0,0,0,0,0,0,NA,NA,-2,-2
"R_1o1EWanqMSBKyYo",2,1,1,-1,2,2,-1,1,2,2,-2,-1,-1,1,1,2,NA,NA
"R_2CUlbj06mo2wCzX",0,0,1,1,1,1,1,1,1,1,1,1,2,1,NA,NA,1,2
"R_3nNrWOoVZr8ZCr4",2,1,0,0,2,2,-1,-1,1,1,0,0,2,2,NA,NA,-2,-2
"R_UYdf6ljfk0vKIV3",0,0,1,-1,0,0,-1,-1,1,1,0,0,2,1,NA,NA,2,1
"R_eeThViYZKwO5zZT",1,1,-1,1,1,1,2,2,-1,1,-2,-2,-1,1,1,1,NA,NA
"R_W3dyNRfXOm2ZxDj",1,1,1,1,1,1,-1,-1,1,1,1,1,1,-1,NA,NA,NA,NA
"R_uyPjBdQuX6DAesN",-1,1,1,1,-1,-1,1,1,1,2,1,1,-1,-1,NA,NA,NA,NA
"R_1IvbZbNQTAjRq9Y",2,-1,1,1,2,-1,-1,-1,1,-1,-1,-2,2,1,NA,NA,NA,NA
"R_2SGlvso2s7yyFwU",2,2,-2,-2,2,2,-2,-2,1,1,-1,-1,2,2,NA,NA,2,2
"R_ZKMH6oWG5Qj5qSZ",2,2,2,2,2,2,2,2,2,1,2,2,2,2,NA,NA,NA,NA
"R_pLZYJxLxlO787Id",1,-1,2,2,2,2,2,2,2,2,2,2,2,2,2,2,NA,NA
"R_1gpPKHc9Lxuh4WU",1,1,1,1,2,1,2,-1,-1,1,1,1,2,1,-1,1,NA,NA
"R_2wbnv6h7a5GxO0B",2,1,0,0,0,0,1,1,2,2,2,2,1,1,-1,1,1,2
"R_33jAiV0NnaqMVcG",1,1,0,0,-1,-1,-1,-1,1,1,1,1,2,2,NA,NA,2,2
"R_3lKwWtN3t5ytc4q",1,-1,2,-1,1,2,2,2,-2,-2,-2,-2,2,2,NA,NA,NA,NA
"R_1MScr8w6t0jgcHx",1,-1,1,1,1,-1,-1,-1,1,1,0,-2,1,-1,NA,NA,NA,NA
"R_6GbMYwUL0SqOmCB",2,2,-2,-2,1,-1,1,1,1,1,1,1,1,1,NA,NA,NA,NA
"R_CdUEfZXhDNDVGkV",2,1,1,-1,2,-1,1,1,1,1,1,1,1,1,NA,NA,NA,NA
"R_2EFWrgkuORYByx8",1,1,-1,-2,1,-1,-2,-2,-1,1,1,1,1,-1,NA,NA,2,2
"R_1K1KKj1IyixLT4w",1,1,1,1,1,1,1,1,1,1,1,1,1,1,-1,-1,NA,NA
"R_1IztInrPibFH8X6",1,1,1,-1,1,-1,1,1,-1,-1,1,1,1,1,-1,-1,NA,NA
"R_UtkWPjnYL8iecbT",1,1,1,1,1,1,1,1,1,1,1,1,2,2,NA,NA,-1,1
"R_2q33TslsUpwYmdc",1,1,1,1,2,1,1,1,1,1,1,1,2,2,NA,NA,NA,NA
"R_WiBf18HyEjlmoZr",1,1,-1,-1,-1,-1,1,1,1,1,1,1,1,1,NA,NA,1,1
"R_217hab5dxw0VFYI",-2,-1,1,-1,-1,0,1,2,2,2,2,2,2,2,NA,NA,NA,NA
"R_xx5oXVOZrBa9wNH",1,2,2,1,2,1,2,1,1,2,2,1,2,1,NA,NA,2,1
"R_2cvWmsDdcgzxX6e",1,1,1,-2,2,1,2,2,2,2,2,2,2,2,NA,NA,NA,NA
"R_29iWFhugnnZ9urV",1,1,2,1,2,1,1,1,1,1,1,-1,2,2,NA,NA,NA,NA
"R_w1qII9hGh0CGaxb",2,2,1,1,1,1,1,1,1,1,1,1,1,1,NA,NA,NA,NA
"R_3kcUwFX6fWeLR5s",1,-2,1,-1,1,-2,1,1,1,1,1,1,1,1,NA,NA,NA,NA
"R_2aKXUQnLAeGikae",2,2,2,-1,2,-1,-1,-1,2,2,-1,-1,1,-1,-1,-1,-1,-1
"R_1MX85AM8sWRyuAo",2,2,1,1,2,1,2,2,2,2,-2,-2,1,1,2,1,NA,NA
"R_5t1Pya5oCD3DJpD",-2,-1,1,1,-1,-1,-2,-1,0,1,1,1,-1,-1,NA,NA,1,1
"R_1MJIQGjoEEolZGC",1,1,0,0,-1,-1,-1,-1,0,-1,-1,-1,-1,-1,NA,NA,NA,NA
"R_1pRJhANptwonKva",1,1,1,-1,1,1,1,1,1,1,1,1,1,1,1,1,NA,NA
"R_RwqUUTaWRwlVy93",1,1,1,1,1,1,1,1,1,1,1,1,1,1,NA,NA,1,1
"R_3qIp3iyFuvShj2R",1,2,2,2,2,2,2,2,2,2,2,2,2,2,NA,NA,2,2
"R_2saKtgST38YCBTm",2,1,1,1,1,1,1,1,1,1,1,1,1,1,NA,NA,1,1
"R_3pcoSteuZuebUG2",0,0,0,-2,1,1,-1,-2,0,0,1,1,1,1,NA,NA,NA,NA
"R_qF6YuwKHLTkgCZ3",1,1,1,1,-2,-1,-2,-1,-1,-2,1,1,1,1,NA,NA,1,2
"R_1JWytvDitxYcdaf",-2,-2,1,-1,1,1,1,1,1,1,1,-1,1,1,NA,NA,1,1
"R_8i7xPDZYHPkyaEp",1,1,-2,-2,-1,-1,1,-1,-1,1,-2,1,1,1,2,1,2,2
"R_2rBHjAqJQkuFY7m",2,2,2,1,1,1,1,1,1,1,1,1,1,1,NA,NA,NA,NA
"R_33Cgzhdb1Verh21",1,-1,1,-1,0,0,1,-1,-2,1,-2,1,-1,1,1,-1,NA,NA
"R_1f40GeMi48IKNYU",1,1,1,-1,1,1,2,2,2,2,-1,-1,2,2,NA,NA,1,-1
"R_1CvfcVRjnqbfxuL",2,1,1,-1,1,-2,1,2,1,1,1,1,2,2,NA,NA,2,2
"R_2RXoiEnEct3t0qi",-2,1,-1,-2,-1,-2,1,1,-2,-2,1,-2,2,-1,1,1,NA,NA
"R_BX6LJNnxJgU2AMx",1,1,1,1,1,1,1,1,1,1,1,1,1,1,1,1,NA,NA
"R_1js5VWCv6sbInmz",1,1,-1,2,1,-1,1,1,-1,1,1,1,1,0,2,1,NA,NA
"R_uqe9f6nKlu4XeyB",-1,-1,1,1,1,-1,1,1,2,2,2,2,1,1,NA,NA,2,2
"R_2e81UIoJnlyYxOP",1,1,1,-1,0,0,-1,-1,1,1,1,1,2,2,NA,NA,NA,NA
"R_1FwVSFYqcLlaF9R",2,2,0,0,2,2,2,2,2,2,1,1,2,2,2,2,NA,NA
"R_27EEj10RGWSAtG3",-1,-1,-1,-1,1,1,1,-1,1,1,1,2,2,2,1,2,-1,1
"R_pug0jJqgNRiCgMh",1,-1,-1,-1,1,-1,1,-1,1,1,1,1,1,2,NA,NA,1,1
"R_1LpLad2qibkK465",1,1,0,0,0,0,1,1,1,-1,1,1,1,1,NA,NA,1,1
"R_24A6IiGJDaQuAis",2,2,2,2,2,2,1,1,2,2,1,1,1,1,1,1,1,1
"R_QixkLGvp6xFng2d",1,-1,-1,1,1,1,1,1,1,1,1,1,1,1,1,1,1,1
"R_1Ow3p2I6i1EoDnQ",-1,-1,-1,-1,1,1,1,1,1,1,1,1,1,1,-1,-1,1,1
"R_3FOtENDZf64CSwM",-1,-1,-1,1,-1,-1,-1,-1,-1,-1,-1,-2,-1,-1,1,-1,1,-1
"R_1LiMPIkwOd1ZG8Q",1,1,1,1,1,1,1,1,1,1,1,1,1,1,1,1,NA,NA
"R_2WvCewejHHwr7pT",1,-1,-1,1,1,1,-1,-1,-1,-1,1,1,2,1,NA,NA,NA,NA
"R_3fdSyh1QFtEABKk",2,1,1,1,2,1,2,2,1,-1,1,1,-1,-2,NA,NA,NA,NA
"R_3qmlJMHKdovpu7x",1,1,1,1,1,1,1,1,0,0,1,1,1,1,2,2,NA,NA
"R_BLnMekRw9uWFw8V",1,1,1,-1,2,1,2,1,2,2,1,-2,2,2,1,1,2,2
"R_1FzcEkNmrzezaj3",-1,1,1,1,1,1,1,1,1,1,1,1,1,1,NA,NA,1,1
"R_2Pbfu6Osu6cuGOS",1,1,-1,-1,1,-1,-1,-1,1,1,-1,-1,1,1,NA,NA,1,1
"R_1j6qrACaGPF81fG",1,1,2,1,1,1,1,1,1,1,1,1,1,1,1,1,NA,NA
"R_1XQjK65vJvRVOKJ",-1,-1,1,-1,1,1,1,1,1,1,-1,-1,1,1,NA,NA,1,1
"R_p02TaMW5i1F4Pux",2,2,2,1,2,1,2,2,2,1,1,2,1,1,NA,NA,2,1
"R_QiRMng4quuhIGGZ",-1,1,1,1,1,1,1,1,1,1,-1,1,1,1,NA,NA,NA,NA
"R_1k1SMjTZMlW5AGz",2,1,2,1,2,1,2,1,1,2,1,2,1,1,2,-1,1,2
"R_28RJpoU1yaBZdUq",1,2,2,2,1,1,2,2,2,1,2,2,2,1,NA,NA,2,2
"R_3EWJWcItyusj4Um",-1,-1,1,1,1,-1,1,-1,1,1,1,-1,1,1,1,1,NA,NA
"R_XnAouw9tCIQsYE1",2,2,1,1,1,1,1,1,1,1,1,1,1,1,NA,NA,1,1
"R_ROFnpIz64olItFL",2,2,2,2,2,2,2,2,2,2,2,1,2,2,2,2,2,2
"R_2b1WBp3gwY4oFbr",-2,1,-2,-1,-1,-1,1,1,2,2,2,2,1,1,NA,NA,2,2
"R_2vZDyQ2ziwvbHIy",0,0,0,0,0,0,-2,0,0,-2,0,0,0,0,NA,NA,1,-1
"R_1JS1YUUw5Y6ZS2U",1,1,1,1,0,0,1,1,1,1,1,1,1,1,1,1,NA,NA
"R_1DAUiTWRzy7PCy7",1,1,1,1,1,-1,2,2,2,2,2,2,2,2,NA,NA,NA,NA
"R_2QxjaoPOL0fGsH6",2,1,-1,-2,0,-2,1,1,2,2,2,1,0,-1,NA,NA,NA,NA
"R_1CfKar8vbSpmxBz",0,-2,-2,0,-2,-1,-2,-1,0,-2,-2,-1,-1,-2,-1,1,-1,-2
"R_1gtgq3QHo5hDd1m",1,-1,1,-1,-1,-1,1,1,1,1,2,1,2,1,2,2,NA,NA
"R_3RgqWpbXacWhzaQ",1,1,-2,1,1,1,1,1,1,2,1,1,-2,1,1,1,1,1
"R_1q1IB5i4hcnucLj",1,-1,2,-1,2,-1,1,1,1,1,1,1,1,-2,-1,-1,-1,2
"R_2zkEZxAAIar3TDC",2,2,2,1,1,1,1,2,1,1,1,1,1,1,1,1,NA,NA
"R_OwKUrHhiYVtldpT",2,2,2,2,2,2,2,2,2,2,2,2,2,2,NA,NA,2,2
"R_tPyGiO0CQCdjlUB",2,2,2,2,2,2,2,2,2,2,2,2,2,2,2,2,NA,NA
"R_31bHbU9lXSOpKgP",1,1,1,-1,1,1,1,1,1,1,1,1,1,1,NA,NA,NA,NA
"R_3lMltdZKA2B7q0x",2,2,2,-1,2,-2,1,1,2,2,-2,-2,2,1,NA,NA,NA,NA
"R_2CU2pxuUwb7RQRg",0,0,0,0,0,0,0,0,0,0,0,0,0,0,NA,NA,NA,NA
"R_3hgedQtNgLFo9cD",2,2,2,-2,2,-2,-2,0,1,-2,1,1,2,-2,NA,NA,NA,NA
"R_1Qa5hyo6XILA1Dc",2,2,-2,1,1,1,1,1,-1,-1,1,-1,1,-1,NA,NA,1,1
"R_3ozvUsgV4ZiS5l8",2,2,1,-2,0,1,1,1,2,1,2,1,2,2,NA,NA,NA,NA
"R_2o9I26pnUHTAG1H",2,2,2,-1,2,-2,1,-1,2,1,2,1,2,1,NA,NA,NA,NA
"R_oXIfbeLLqnYj14Z",1,1,0,1,0,0,1,1,1,1,1,1,1,1,NA,NA,1,-1
"R_30pCXvzlAUl8JAy",0,0,0,0,0,0,-1,-1,-2,1,-1,1,1,1,2,2,NA,NA
"R_3eq0UpBVG7aM9dg",2,2,0,0,2,2,2,2,2,2,0,0,2,2,1,1,NA,NA
"R_2qC64W7n3fPTRJp",0,0,-2,-2,-2,-2,0,0,2,2,-2,2,-2,-2,NA,NA,NA,NA
"R_2Uc7MQipAP4dyFs",1,1,1,-1,1,1,1,1,1,1,1,1,1,1,NA,NA,1,1
"R_xayOOc5O6gri17H",1,1,1,-1,1,1,1,1,1,1,1,1,1,1,-1,-1,NA,NA
"R_dbt344oHKOeeAjD",1,1,1,1,1,1,1,1,1,1,1,1,1,1,NA,NA,NA,NA
"R_2dya012nL1CDCFn",2,2,2,2,2,2,2,2,2,2,-1,1,1,2,NA,NA,NA,NA
"R_3Ia7CdK9TLuBNo7",-1,1,1,1,1,1,1,1,-1,-1,1,1,2,1,-1,-1,-2,-1
"R_2WGOftbG7MrSdVz",2,2,2,2,2,2,2,2,2,2,2,2,2,2,NA,NA,2,2
"R_2th77swP4Ro1kt5",1,1,2,1,1,1,1,1,1,1,1,1,1,2,1,2,2,2
"R_80lVNDP5FoaN2nf",1,2,-1,2,1,1,-1,-1,-1,-1,2,2,2,1,NA,NA,1,1
"R_ZK4lpmwZHVoxBdL",2,0,-2,-2,1,-1,0,-2,-2,1,0,1,-1,1,NA,NA,-1,1
"R_1pmWdnurRwFYFvS",-2,1,1,-1,2,-1,1,1,1,1,1,1,1,1,NA,NA,NA,NA
"R_cOv0mDflt6dvLwJ",1,2,1,1,-1,-1,2,2,2,2,2,2,2,2,1,1,NA,NA
"R_1erX4oR0YjaGgKd",1,1,1,1,1,1,1,1,1,1,1,-1,1,1,NA,NA,NA,NA
"R_2qsb9ojEd8iwyZm",1,-1,0,0,2,2,1,2,1,1,1,1,2,2,NA,NA,NA,NA
"R_21ys9HifRzHZYzO",-2,-2,-2,-1,-1,-2,-2,0,-2,0,-2,0,-1,-2,-2,-2,NA,NA
"R_0fDoGV7JgZ3uktb",1,1,1,-1,1,1,1,1,1,-1,1,1,2,1,NA,NA,2,1
"R_2zFTWTnfE6A2gnP",-1,1,1,1,1,1,-2,-1,1,1,2,1,2,2,-1,1,NA,NA
"R_2PnWCMjkNLAwnIf",1,1,1,1,1,1,1,1,1,1,1,1,1,1,1,1,NA,NA
"R_3Nx5DmrN9TF1bTn",1,2,2,1,2,1,2,2,2,1,2,1,2,1,NA,NA,2,1
"R_2tlpzvNv7s0GG92",1,1,2,1,2,1,-1,-1,1,1,-1,-1,2,1,1,1,1,1
"R_1PUgpyC5erqj5gn",1,0,1,-1,0,1,-1,-1,1,1,-2,-2,1,1,NA,NA,NA,NA
"R_3g7xF4CDZwl8Q7D",1,1,1,1,-1,1,-1,-2,-1,0,1,1,-1,1,NA,NA,1,1
"R_5oiPaaPXXMaDvKV",1,1,1,1,1,2,1,1,2,1,2,1,1,2,NA,NA,1,2
"R_2aaf6KahPgHIvBJ",2,-2,2,-2,2,2,2,2,2,2,2,2,2,2,NA,NA,2,2
"R_3s0tNy9nUrdp8ra",1,1,-2,-2,1,1,-1,-1,1,1,1,1,1,1,NA,NA,-1,1
"R_0SZFpfpC6O5HFjb",2,2,1,1,2,2,2,2,2,2,1,1,1,1,NA,NA,2,2
"R_RekNgcqZMMBHLX3",2,2,2,2,2,2,2,2,2,2,2,2,2,2,2,2,NA,NA
"R_YSskgMDdxuUxMyd",2,1,1,1,2,1,2,2,2,-1,-1,-1,2,1,NA,NA,NA,NA
"R_3hluxjNN75jUUH7",1,1,0,1,0,0,0,0,0,0,0,0,1,1,NA,NA,1,1
"R_QnoK6z0QCX2eIsV",2,1,2,2,1,2,2,1,2,1,2,1,1,2,2,1,2,1
"R_2q4RCGRSxBaXP2s",2,1,-1,-1,2,2,2,2,2,2,2,2,2,2,-1,-1,NA,NA
"R_1kOoJB0pODLdWAW",-1,-1,1,1,-1,-1,1,1,2,2,2,2,1,1,NA,NA,2,2
"R_3PzBVhAptPdSsZe",1,1,0,0,1,-1,0,0,2,2,2,2,2,2,2,2,NA,NA
"R_Q5HWwUB302qx42t",-1,-1,1,2,2,1,2,1,1,2,1,1,2,1,2,1,2,1
"R_3Eu9SttNFrNlu8o",1,1,1,-1,1,1,1,1,1,1,-2,-2,1,1,-1,-1,1,1
"R_2DSyenyLrMkFoyx",1,1,1,2,1,1,1,1,1,1,1,1,1,2,NA,NA,NA,NA
"R_O9j2n6RAVJp6KUV",1,1,1,1,1,1,1,1,1,1,1,1,1,1,NA,NA,1,1
"R_3qR2mWoCqUdjrJS",0,-2,0,-2,2,-2,0,-2,2,2,2,2,2,2,1,1,NA,NA
"R_SJmML1Kq0ZlFWG5",2,2,-2,-1,1,-1,1,-1,-1,-2,1,1,-2,-2,NA,NA,-1,1
"R_1isvhvN4j9Dhp9K",1,-2,1,-1,1,-1,1,-2,1,1,1,-1,1,-2,NA,NA,1,-1
"R_2P7JjaBKMS1Buai",0,0,0,0,0,0,0,0,0,0,0,0,0,0,NA,NA,NA,NA
"R_3QSko4Eg0PzqVrs",1,1,1,-1,1,-1,-1,-1,1,1,1,1,1,1,-1,-1,-1,-1
"R_Zq7YBAzFUn3l6Cd",1,1,2,-1,2,-2,-2,2,2,-2,2,2,2,2,NA,NA,2,2
"R_81R50ljLqMMTU9H",0,-2,1,1,0,0,2,2,0,0,1,1,2,2,NA,NA,1,1
"R_2uHDuAxOrNfKOdx",1,1,1,1,1,1,-1,-1,1,1,1,1,2,2,NA,NA,1,1
"R_SPsrEAobglKbN1n",-1,1,2,-1,2,1,2,2,2,-1,-2,2,-2,2,NA,NA,-2,1
"R_3HLGEcSodSPVDjp",1,1,0,0,1,1,1,1,1,1,1,1,1,1,NA,NA,NA,NA
"R_3rSwwduqPTfSPVy",2,2,1,1,1,1,2,2,1,1,1,1,1,1,-1,-1,-1,-1
"R_u8GHc2ly6dQniEx",1,-1,-1,-1,2,2,1,-1,1,1,1,1,2,2,NA,NA,NA,NA
"R_1dufweLFMGHzUka",-1,1,-1,-1,1,1,-1,-1,1,1,1,1,1,1,NA,NA,NA,NA
"R_cAsonX6uy9x2yiZ",-1,1,-2,-2,0,0,1,-2,-1,1,-1,-1,1,-2,NA,NA,NA,NA
"R_z7mXkMOARfjc5hv",2,2,2,2,2,-1,-2,1,-1,-1,-1,-1,-2,1,NA,NA,NA,NA
"R_123Avj65hNXhEEU",1,0,1,0,0,0,2,0,2,0,2,0,-2,0,-2,-2,NA,NA
"R_yBV1MtmHZZ3C6WZ",1,-2,-1,-1,2,1,1,1,1,2,1,2,1,2,NA,NA,2,2
"R_RlgXzVP30cCvT57",2,2,2,1,1,1,1,1,2,1,1,1,2,2,NA,NA,NA,NA
"R_27wfk0kHvV3a55e",1,1,1,1,1,1,2,2,1,1,1,1,1,1,NA,NA,1,1
"R_1riZHLUhnXIs6RC",2,1,-2,-2,1,-1,-1,1,-1,1,1,1,-1,1,2,1,NA,NA
"R_2Y8Ko9PMsjR9JNL",1,1,1,1,2,1,1,1,1,1,1,1,1,1,-1,-1,1,1
"R_1GNTRImz8S0b2K6",1,1,1,-2,1,1,1,1,1,1,1,1,1,1,NA,NA,NA,NA
"R_AprMoBTA7DIvxCx",1,1,1,1,1,1,-1,-1,1,1,1,1,1,1,1,1,1,1
"R_3MrF97k5ApMPYj6",1,1,-1,-1,2,1,1,1,1,1,-1,1,2,2,1,1,1,1
"R_2xDEMTN7OFyjMgU",-2,1,-2,1,-2,2,-2,-1,1,1,-1,1,-2,-1,2,1,NA,NA
"R_1Ne52doDtAkRV5A",1,1,1,-1,2,2,1,1,1,1,1,1,2,1,-1,-1,NA,NA
"R_1CKH5f68F3tgS7i",1,1,-1,1,-1,1,1,1,1,1,1,-1,1,1,1,1,NA,NA
"R_1rxJ5rLYoIYriGO",2,1,-1,-1,-1,1,1,2,1,1,1,1,1,1,NA,NA,1,1
"R_1KeevrNvpKIiq1f",-1,1,1,1,1,1,1,1,1,1,1,1,1,1,NA,NA,1,1
"R_3iO0xidoChjVP12",1,1,-2,-2,-1,-2,1,1,1,1,1,1,1,-1,NA,NA,NA,NA
"R_2dzt0GEYExHEbcl",0,0,0,-2,2,2,2,2,2,2,0,0,2,2,NA,NA,2,2
"R_3PHNu9VOuWC8O7r",2,2,0,-2,0,-2,1,1,1,-1,1,-1,1,2,NA,NA,2,1
"R_1cVbpfX4YklHFTb",2,2,1,1,2,1,2,2,2,1,2,1,2,2,NA,NA,2,1
"R_3dEXQ8iTnsVwrFq",1,1,1,1,-1,1,-2,-1,-1,-2,-2,-2,-2,-2,NA,NA,1,-1
"R_PuMYLLXeeMFnLLb",-2,-2,-2,2,2,2,2,2,2,2,2,2,2,2,NA,NA,2,2
"R_uqZ9otx0wRYbu13",1,-2,1,-1,1,1,-1,1,-1,-1,-1,-1,1,1,NA,NA,1,1
"R_1n75xfIaO93hjVu",1,1,0,0,0,0,1,1,1,1,-1,-1,2,1,NA,NA,2,1
"R_3g88kKZWo5BUdUN",1,1,1,-1,1,1,1,1,1,1,1,1,1,1,NA,NA,NA,NA
"R_21G5OvOdQoiLvZE",2,2,1,1,1,1,1,1,1,1,2,2,1,1,NA,NA,NA,NA
"R_2OVbvq5wyxmc55X",1,1,-1,1,1,1,1,1,1,1,-1,1,1,1,1,1,1,1
"R_2tnXvt0i1G5aKZ3",1,-1,-1,-1,1,1,1,1,2,2,-1,-1,2,2,NA,NA,2,2
"R_1F8qJGnHAjocQly",1,1,1,-1,1,-1,1,1,1,1,-1,1,1,-1,NA,NA,1,2
"R_p6iESSrzIrVx1o5",0,0,-2,1,1,1,0,-1,1,-2,0,-2,-1,-2,1,1,NA,NA
"R_2Y4l62UfCZeNcBv",-2,-2,1,-1,1,1,1,1,1,1,1,1,1,1,NA,NA,1,-1
"R_1rrKVtno0RkFqM9",1,1,1,1,1,1,2,1,1,2,1,2,2,2,NA,NA,-1,-1
"R_1Nt3LB4fY1qAPra",1,1,1,-2,1,1,1,-1,-1,-1,-1,-1,2,2,NA,NA,2,2
"R_1dmCxdgd10xAX7z",1,1,0,0,-1,-1,1,1,0,0,0,0,0,0,NA,NA,NA,NA
"R_2B2L2kJ7Btacn8o",-1,-1,1,-1,1,-1,1,-1,1,-1,1,-1,1,-1,-1,-1,1,-1
"R_6oneH6n6EWEF2al",2,-2,1,-2,2,2,-2,-2,-2,-2,2,2,2,1,NA,NA,2,2
"R_qWNxJaVY6cRJ4LD",1,1,1,1,1,1,1,2,1,-1,1,2,1,2,1,2,NA,NA
"R_3nJxGTesogvRn4f",2,2,2,2,2,2,2,1,2,1,1,1,2,2,2,1,2,1
"R_sw1cB55stVEGAHT",0,0,0,0,1,1,1,1,2,2,1,1,1,1,NA,NA,NA,NA
"R_vjXDwLSpi5NIXPH",2,1,-1,-1,2,2,1,1,1,1,-1,-1,2,2,NA,NA,2,2
"R_3PRVij1zfXalbwo",2,1,-2,-1,0,0,-1,0,1,1,2,0,0,0,2,-1,-1,-1
"R_1GFbtzD7kmzijIJ",-1,-1,-1,-1,-2,1,-2,-1,0,0,-1,-1,-1,2,NA,NA,1,1
"R_2fBECYOenTvmwgq",1,1,1,1,1,1,1,1,1,1,1,1,1,1,1,1,NA,NA
"R_8dChZprUvdhIohP",1,1,2,2,1,1,2,1,2,2,2,2,2,2,2,2,NA,NA
"R_1imtmM8BkwLkBMa",-1,-1,-1,-1,1,1,1,1,1,1,1,1,1,1,NA,NA,1,1
"R_3hsHmpxRNrfKW9o",1,1,1,-1,1,2,1,-2,-1,1,2,1,1,1,NA,NA,-1,1
"R_5awo0GDFt0tRP3j",0,0,0,0,0,0,0,0,1,1,0,0,1,1,NA,NA,2,2
"R_2duzA847WauCOUc",1,1,1,-1,2,1,1,1,1,1,1,2,1,2,NA,NA,1,2
"R_3HIy5Tavwhcgrvt",1,1,1,-1,1,1,1,1,1,1,1,1,1,1,NA,NA,1,1
"R_1Qi830lX6N0VRWC",1,1,1,-2,1,-1,1,1,1,1,1,1,1,1,NA,NA,NA,NA
"R_3GexKjGOE2NnUq4",2,2,2,1,2,1,2,2,2,2,-1,1,2,1,-1,-1,2,2
"R_1H2kElkgbtiiFLL",1,1,2,-1,1,-2,1,1,1,-1,2,-1,2,1,NA,NA,2,-1
"R_3IQPzF77NlOv6C6",1,1,1,1,1,2,1,1,1,1,1,1,1,1,NA,NA,2,1
"R_w0HdWUASr8sJqZX",2,1,1,2,2,1,2,1,2,2,1,2,2,1,1,1,2,1
"R_1IKrzDIYzH9p2Zg",0,0,0,0,1,1,0,0,0,0,0,0,0,0,NA,NA,-1,-2
"R_2uE55u5HtwPjL6P",2,2,1,-1,2,2,-1,-1,2,2,1,1,2,2,1,1,1,1
"R_OKfGbnLZUczGMAF",1,-2,1,1,1,1,1,1,1,1,-2,0,1,1,NA,NA,-2,-1
"R_3rYcbOB4NspNb6O",2,2,2,1,2,1,2,1,2,2,2,2,2,1,NA,NA,2,2
"R_1KrOYKt4pDPByAI",1,1,1,1,1,1,1,1,1,1,-1,-1,1,1,NA,NA,1,-1
"R_2TFxFwjEVCngkfU",2,2,-2,-2,2,-2,2,-1,2,2,2,2,2,2,2,2,2,2
"R_2uqRupvge6GaE6s",1,1,0,0,0,0,1,1,1,1,1,1,1,1,NA,NA,NA,NA
"R_3q9kWGoJK8DVLSa",-2,-2,1,-1,1,-1,1,1,1,1,-1,1,2,-1,-1,-1,1,1
"R_1EcJIFcSyW0s8Of",1,2,-1,2,-1,2,-1,2,1,2,1,2,1,2,1,2,2,2
"R_2qkNCjkeGvQDPxN",-2,1,-1,0,1,1,-1,-1,2,1,1,2,2,2,NA,NA,1,2
"R_yWIF1IawDExQZ1v",2,2,1,1,2,2,2,2,1,-1,-2,1,-1,2,NA,NA,-1,1
"R_3nw35xphOIIEGOo",1,1,1,1,1,1,0,0,1,1,-1,-1,1,1,NA,NA,1,1
"R_OCD5m7vpFXHGWEF",1,1,1,1,1,1,1,1,1,1,1,1,1,-2,NA,NA,2,2
"R_3qz28uWT81c0pgK",0,0,0,0,0,0,0,0,0,0,0,0,0,0,NA,NA,NA,NA
"R_1DS7lGBEaPw4LSc",1,1,1,1,1,1,1,1,1,1,1,1,1,1,1,1,NA,NA
"R_3IXH45t7m5mhmSE",-2,1,1,-1,1,-1,1,1,-2,1,2,1,2,2,-2,1,NA,NA
"R_2ALslmMk4QjwDtD",0,0,0,0,0,0,0,0,0,0,1,0,0,0,NA,NA,NA,NA
"R_10q17Typ0W66cgz",1,1,1,1,1,1,1,1,1,1,2,2,2,1,NA,NA,1,1
"R_3nHrq0dttmwsDnr",1,-1,1,-2,-1,-2,1,-1,1,-2,1,-2,1,-2,NA,NA,1,1
"R_8HXvtmFXu5GQLqp",1,1,1,1,1,1,1,1,1,1,1,1,1,1,NA,NA,NA,NA
"R_1IDWjF6620tMk3I",1,1,0,0,0,0,1,1,1,1,1,1,1,1,NA,NA,NA,NA
"R_334qRYnQGmQEeyA",1,1,1,1,1,1,2,1,2,2,2,2,2,2,2,2,2,2
"R_1pQm0Hiba6aDrRZ",2,2,2,2,2,2,1,1,1,1,2,2,2,2,1,1,NA,NA
"R_C2Kf4E9abz0MUUN",1,1,-1,-1,-2,-1,1,1,1,1,-1,1,1,1,NA,NA,NA,NA
"R_4MFVKwh3NcA5eVz",0,0,0,0,1,1,1,0,1,1,1,1,1,0,NA,NA,2,1
"R_1LLvd3JShVXVG83",0,0,0,0,0,0,0,0,0,0,0,2,0,0,NA,NA,-2,-2
"R_1GHORjAssebmRaX",-1,1,-2,-1,2,2,2,2,2,-1,1,1,1,1,NA,NA,2,2
"R_bkib1DkVJN6NHm9",2,2,0,0,0,0,1,1,2,2,2,2,2,2,NA,NA,NA,NA
"R_2V86xIjzGS1us2t",2,2,-1,-1,-1,-1,-2,0,1,1,-1,-1,-1,-1,NA,NA,NA,NA
"R_1N2fTnOxJSpYkK3",2,1,1,1,2,2,1,1,2,2,1,1,2,2,NA,NA,NA,NA
"R_3CVZX99QWq0pfme",1,-1,1,-2,1,1,-1,-2,2,2,1,-1,2,1,-2,-1,2,2
"R_2tszBztD4tM5un2",1,1,1,1,1,1,1,1,1,1,1,1,1,1,NA,NA,NA,NA
"R_3hi4ypoJusxdw77",1,1,1,-1,1,2,1,1,1,1,1,1,1,2,NA,NA,2,-1
"R_3NKYq0L16m7wzbM",1,1,1,1,1,1,-1,1,1,1,1,1,1,1,NA,NA,NA,NA
"R_2ElOCML3CTlN1Ef",2,1,1,1,2,2,1,1,1,1,1,1,-1,-1,NA,NA,2,2
"R_2yadVwRlXij7E1D",1,1,1,0,0,0,1,1,1,1,1,1,1,1,NA,NA,2,1
"R_1KweBIXpdagAEB7",1,2,-1,1,2,1,2,1,2,2,1,2,1,2,2,1,NA,NA
"R_2DUBuk7vqnVz66Z",2,2,0,0,2,2,-1,-1,1,1,2,2,2,1,NA,NA,NA,NA
"R_2D0HoL0ez2xVYGW",1,2,1,2,2,2,2,2,1,1,2,2,2,1,2,2,NA,NA
"R_3Di4Ed7SUkre4Ez",1,1,1,1,1,1,1,1,1,1,1,1,1,1,NA,NA,1,1
"R_1rBzbpsDNy1SD5G",-2,-2,1,-1,1,1,0,-2,-1,-1,-2,-2,2,1,NA,NA,2,2
"R_31nlKYLgenDMvju",-1,-1,-1,-2,-2,-2,-2,-1,0,1,1,1,1,1,1,1,NA,NA
"R_agjXJvpjwgseaqZ",1,1,2,1,2,1,1,-1,1,-1,1,-1,1,-1,NA,NA,NA,NA
"R_PTcsF8zc4mLX2O5",1,1,1,1,1,1,1,1,1,1,1,1,1,1,1,1,NA,NA
"R_1kY98YVxA7jAjW6",1,2,1,2,2,2,1,1,1,2,1,2,1,1,NA,NA,2,2
"R_1hWtTJzxJKoJRuw",1,1,2,-1,2,1,-1,1,1,2,1,1,2,2,NA,NA,2,2
"R_2pXn3vr45Z1A1L7",1,-2,-2,-2,-1,-1,1,1,2,2,2,2,1,1,NA,NA,2,2
"R_2ZWEGcGZLzhuhpf",1,2,1,2,1,2,1,2,2,1,1,2,2,2,1,2,2,2
"R_2TAlBbHzy2CR1Wa",2,1,2,1,2,2,1,2,2,2,2,1,2,1,NA,NA,2,2
"R_3HHdR4KSDdNXRSx",1,1,1,1,1,1,1,-1,1,1,1,1,2,2,1,1,-1,-1
"R_6WjBajBZvJVqJyN",0,1,1,-1,1,1,1,1,1,1,1,1,1,1,NA,NA,NA,NA
"R_1dyPcnmVzi3tCU1",1,1,-1,1,-1,-1,1,2,2,1,1,1,-1,-1,1,1,NA,NA
"R_VLvyDJwPB3uIwBH",1,-1,-1,1,1,2,1,1,-1,1,-2,1,1,1,-1,1,2,2
"R_3sgEn5hihI6RxDZ",1,1,1,1,1,2,2,1,1,1,1,1,1,1,1,1,1,2
"R_262NskGMiVvJ81X",1,2,1,2,1,2,1,2,2,1,2,1,2,1,2,1,2,1
"R_SJpIuZC8rkStB97",1,1,2,1,2,2,1,1,2,2,2,2,1,1,1,1,1,1
"R_1mPmDGsJ2UzVOmv",1,1,-1,1,1,1,1,2,1,1,1,1,2,2,-2,2,1,2
"R_2dm9q7DmTAjIttg",1,1,1,1,1,1,-1,-1,1,1,1,1,2,2,NA,NA,NA,NA
"R_5hVJJQenwUYCz7P",-2,1,1,-1,1,-1,-1,-1,1,-2,1,-2,-1,-2,-1,2,2,2
"R_2uETlceatrlt6eV",1,1,1,1,1,1,1,1,2,1,2,1,2,1,1,1,2,1
"R_3r3aUvlp06EJoaM",2,1,1,1,2,1,2,2,2,2,1,1,2,2,NA,NA,NA,NA
"R_2cC1my9uLFsto1x",2,1,2,2,2,1,2,2,1,2,-1,-1,2,2,NA,NA,2,2
"R_2wayh9Z5LDWMaHK",-1,-2,-2,-2,-1,-2,-2,-1,-2,-1,-1,-2,-2,-1,NA,NA,-2,-1
"R_p4uZq9QrpjeJRjX",1,1,-1,-1,1,-2,1,1,1,1,1,-1,1,-1,NA,NA,1,2
"R_2S66Zam21BOVGv5",1,-1,1,-1,1,1,1,1,1,1,1,1,1,2,-1,-1,1,1
"R_2qarNJfqCgqRggb",1,1,1,1,1,1,1,1,1,1,1,1,1,1,1,1,NA,NA
"R_CaxOV5OtpRirbgd",1,-1,1,-1,1,1,-1,-1,1,1,-1,1,1,-1,-1,-1,1,1
"R_2zbCjjN6sUhv6s5",2,2,0,0,0,0,1,1,1,1,-1,-1,1,1,NA,NA,NA,NA
"R_3PaUBZdWw3K93Ju",1,1,1,1,1,1,1,1,1,1,1,1,1,1,NA,NA,NA,NA
"R_26nZNVgwDYU2K4p",-1,1,-2,-2,2,2,1,1,2,1,2,1,2,2,2,1,NA,NA
"R_3sglXvJ8sL5mOih",2,1,0,-2,2,2,-1,-1,1,1,1,1,2,2,NA,NA,NA,NA
"R_1QAtwJRZy4ZSCXV",1,1,0,0,1,1,1,-1,1,1,1,1,1,1,NA,NA,NA,NA
"R_AcEN9QSFtCtBoLn",0,1,1,1,1,1,2,2,1,1,1,1,2,2,NA,NA,1,1
"R_3WeeqbD4BW9jZn3",1,1,2,1,1,1,1,1,1,1,1,1,1,1,NA,NA,1,1
"R_3P3EFirkXqQS8KJ",1,1,1,2,2,2,1,1,1,2,1,1,1,1,2,1,NA,NA
"R_1rJHxSuoaXmRq7Z",1,1,2,2,2,2,2,2,2,2,2,2,2,2,2,2,NA,NA
"R_bvaiNVzyjMLgqwF",1,1,0,0,0,0,1,1,0,0,0,0,-2,-2,NA,NA,NA,NA
"R_W855TDkWuFj8Y9j",2,2,0,0,2,1,1,2,1,1,1,1,2,2,NA,NA,NA,NA
"R_2xWWtVCJfJQnV36",2,2,2,1,2,2,1,1,1,1,-1,-2,2,2,NA,NA,NA,NA
"R_3fJfdFYXC8wC5Uu",2,2,0,0,1,0,1,1,2,2,2,2,2,2,NA,NA,NA,NA
"R_3lypxX1F162gOls",2,-1,2,1,2,0,2,2,2,2,2,-2,2,2,NA,NA,NA,NA
"R_110dNr5YUosmacM",-2,-2,-2,-1,-2,0,-2,-2,-2,-2,-1,0,1,-2,NA,NA,1,-1
"R_1pul0Of2KXfbzhU",1,1,1,1,2,1,1,1,1,1,1,1,2,2,2,2,-1,-1
"R_UABtVd8RvPcZKp3",2,2,1,-2,1,1,1,1,1,1,1,1,1,1,NA,NA,NA,NA
"R_1mIWa5XeMq2TOn0",1,1,1,0,1,0,1,0,0,0,0,0,1,0,NA,NA,1,1
"R_1rjDqOMKVpG5cfM",1,1,2,1,2,1,1,1,2,1,2,2,2,1,NA,NA,NA,NA
"R_3Jw4IXYyoA5PsUV",1,-1,1,1,1,2,1,-1,-1,-1,-2,-2,2,1,NA,NA,1,1
"R_2X7HkSKnbnpiF7e",-2,-1,0,1,1,1,2,2,-1,-1,-2,-2,1,1,NA,NA,-2,-2
"R_325x03It4ABQ77c",1,1,1,1,1,1,1,1,1,1,1,1,1,1,1,1,NA,NA
"R_C8sVUBFVEgOKZCF",1,0,-1,-1,-1,-2,-1,1,-1,1,-1,-1,-1,1,NA,NA,NA,NA
"R_2P80p39c5fCeAEj",2,2,2,1,2,2,2,2,-2,0,2,2,2,2,-1,-1,NA,NA
"R_3nN2NruIwhZAAqd",2,2,2,1,2,-1,2,2,2,2,2,2,2,-1,NA,NA,2,2
"R_2tpHrW2ff5gbBQd",1,-1,0,0,0,0,2,1,2,2,1,1,1,1,NA,NA,NA,NA
"R_pS1TJ7KdjQ2wHcd",-1,-1,1,-1,1,1,1,-1,1,-1,1,-1,1,-1,NA,NA,1,1
"R_2dpdumix6KOI79U",2,1,2,2,2,2,1,1,2,2,2,2,2,2,NA,NA,2,2
"R_1jJ2HcXF7PYATU1",1,1,1,1,1,-1,1,1,-1,-1,-1,1,1,2,-2,-1,NA,NA
"R_1hLPG7NM7XD6sdy",-2,0,0,0,0,0,0,0,0,0,0,0,0,0,NA,NA,NA,NA
"R_1pu4xw6tHErbLJT",2,0,1,1,1,1,0,-1,1,1,2,1,1,1,NA,NA,NA,NA
"R_2XhqydCM3AvtlJx",2,2,1,1,1,2,1,2,1,2,1,1,2,1,NA,NA,2,1
"R_eW3tL3lmGPjrYl3",1,2,0,0,1,-1,2,1,2,2,1,1,2,1,NA,NA,1,-1
"R_31YQceM1vd2lvZU",1,2,0,0,0,1,0,0,1,1,1,1,1,1,1,1,NA,NA
"R_C4uYWw62fxfoduV",1,1,-1,1,1,1,1,1,-1,-1,1,1,1,1,NA,NA,NA,NA
"R_1l3sDKzaKRUMPuK",2,1,2,-1,2,1,-2,-1,2,1,2,2,2,1,NA,NA,NA,NA
"R_1LRMfeGtkNImC4u",0,0,0,0,0,0,0,0,0,0,0,0,0,0,NA,NA,NA,NA
"R_1nZ5iO7kgz4NqBC",1,1,1,1,1,1,1,1,1,1,1,1,1,1,-1,-1,2,2
"R_umE28vvLsaDbRT3",2,2,2,2,2,1,-1,-1,2,2,2,2,2,2,NA,NA,2,2
"R_3hooAoOcaF7aR1p",-2,-1,-2,-1,-1,1,-1,-1,-1,1,-2,1,-2,2,NA,NA,NA,NA
"R_1hxLOuRkTeyHtFm",1,1,1,1,1,1,1,1,1,1,1,1,2,2,1,1,1,1
"R_D8mYwrE56k4aRdn",-1,-1,2,2,-1,-1,-2,-2,-2,-2,-1,-1,-1,-1,NA,NA,-1,-1
"R_1JJDM9zrEkUVzZ4",2,-2,1,1,2,1,1,1,2,1,1,1,2,2,NA,NA,2,2
"R_Zemy2YfLvg3l4M9",0,0,-2,-2,-2,-2,-1,-1,1,1,1,1,1,1,1,1,NA,NA
"R_3jSQ4YINwFBD7iK",1,1,1,1,1,1,1,1,1,1,-1,-1,1,2,NA,NA,1,1
"R_DHtg2r3YPkyX83v",1,1,2,1,0,1,1,1,2,-1,1,-1,2,2,NA,NA,NA,NA
"R_vffe6f1IC4oznIl",1,1,1,1,2,2,2,0,2,2,2,2,1,1,NA,NA,NA,NA
"R_BPaB4t4HGcWGkCJ",1,1,1,-1,-1,1,1,-1,-1,1,1,1,-1,1,NA,NA,1,1
"R_1zvzUOZ6ZNANVjH",2,2,2,2,2,2,2,2,2,2,2,2,2,2,2,2,2,2
"R_aYuLOU7rEMJw2pr",2,1,2,1,2,1,2,1,2,1,2,2,1,2,2,1,1,2
"R_3rTcUrvnvOUuT79",-2,-2,1,1,-1,-2,2,2,2,2,2,2,1,1,NA,NA,1,1
"R_1INkFULPLMJjjIm",1,1,1,-1,1,1,1,1,1,1,1,1,2,1,NA,NA,1,1
"R_21dNkYYFIdjtINu",-1,-1,-1,-1,1,2,-1,-1,1,-1,1,-1,-1,-2,NA,NA,2,1
"R_1fgegcUFefPTUBb",-1,1,1,1,-1,1,1,1,1,1,1,1,1,1,1,1,NA,NA
"R_Zh1VPOZeydTnbnH",1,1,0,0,1,1,0,0,0,0,0,0,0,0,NA,NA,NA,NA
"R_1IZt05UVYMuMcBF",2,2,1,2,-1,-2,1,1,2,2,1,1,2,2,NA,NA,NA,NA
"R_1LAp1Mp78iLxmyV",1,1,2,2,1,1,1,1,2,2,1,1,1,1,NA,NA,1,1
"R_25T2wVA3Qy8g2Id",2,1,2,1,1,1,2,1,1,1,2,1,1,1,NA,NA,1,1
"R_2ckf17s9LyfcEbY",2,2,2,1,2,1,2,1,2,2,2,1,2,1,NA,NA,2,2
"R_3szhHuugPeFxgDL",1,1,-2,-2,-2,-2,-2,-2,1,1,1,1,2,1,-2,-2,2,2
"R_3dThSObdDSv4yec",-2,-1,-2,-1,-2,-1,-2,-1,-1,-1,-2,-1,-1,-2,-2,-1,-2,1
"R_Ulru5obpHhM589X",1,1,1,0,1,0,1,1,1,1,1,1,1,1,1,1,1,1
"R_1kUiyNfFQV58hUB",1,1,1,1,1,1,-2,-2,-2,-2,1,1,-1,1,NA,NA,1,1
"R_DOgV7Saxlao8NkB",-2,-1,1,-1,0,0,1,1,1,1,1,1,1,1,NA,NA,1,-1
"R_10MeX6PILPYPOwv",2,2,2,0,1,1,1,1,1,1,1,-1,2,1,NA,NA,NA,NA
"R_1K2LqDLjLFvnmoP",2,1,2,2,0,1,2,2,2,2,2,2,2,2,NA,NA,NA,NA
"R_26gUD3dG2JQHUOg",1,0,0,0,0,0,0,0,0,0,0,0,-2,0,NA,NA,NA,NA
"R_128TzfXaKjD8Vgj",1,1,1,-2,1,-2,-2,-2,1,1,1,1,1,-2,NA,NA,NA,NA
"R_1pLETLYotXwqCwy",1,-1,1,1,1,1,1,1,2,-1,1,-2,1,1,1,1,NA,NA
"R_30kSMmcXqZSn02m",2,2,1,2,1,2,1,2,1,2,1,2,1,2,2,1,2,2
"R_3MnBPQDYnURanHJ",0,0,0,0,0,0,0,0,0,0,0,0,0,0,-2,-2,1,1
"R_10CMmoOiHRRSGdl",0,1,1,-1,1,-1,-2,-2,2,1,1,1,2,1,-2,-2,2,2
"R_3L6kFg0BnwZiCjq",1,-1,2,-2,-1,-1,-1,-2,1,2,1,1,1,-2,NA,NA,-1,-2
"R_1OvRDuo5TEVbwFM",2,1,1,2,-1,1,1,2,2,1,2,1,-1,1,-1,-1,NA,NA
"R_1IEtGXYYXLjjAGA",1,1,2,1,1,2,2,2,-1,-1,1,0,-1,-1,NA,NA,1,2
"R_RDnwJ09jONWmwxP",1,1,1,-1,1,-1,1,1,1,1,-1,-1,1,1,NA,NA,1,1
"R_20YBLkuKFpGrZ6h",2,2,-2,-2,1,1,-2,-2,-1,-1,2,2,2,-2,-2,-2,1,1
"R_2Ys42GKbOXMh5C9",2,2,1,-2,1,-1,-1,1,0,0,-1,1,1,1,1,1,NA,NA
"R_1HjJiJkX9SuB62S",2,2,1,1,2,1,2,2,1,1,1,1,2,2,NA,NA,2,2
"R_3spinBBqYD5iyJr",1,1,1,-1,1,-1,1,1,1,1,1,-1,2,2,NA,NA,NA,NA
"R_3G9XGxxfxmgYbxe",2,2,2,2,2,2,2,2,2,2,2,2,2,2,NA,NA,NA,NA
"R_1hMCCYF1Y0y2KIC",-2,-1,-2,-1,-2,1,-2,1,1,1,-2,-2,-2,-2,NA,NA,NA,NA
"R_DHoRq6c7Bz74Zod",1,-1,1,-1,1,-1,1,-1,2,1,2,1,1,2,1,1,NA,NA
"R_2xPqPOMbSUrhO1y",-1,-1,-1,-1,1,-1,0,0,1,1,0,0,1,1,NA,NA,1,1
"R_3fOFPM1MZRTEE1C",-2,2,-1,2,2,1,-1,-1,2,1,2,1,2,1,NA,NA,2,1
"R_yNFZe5ov1VCjBDj",0,0,0,0,2,0,0,2,0,0,-1,0,2,2,1,-1,1,1
"R_1F2ILSnYv6rhVTr",1,2,1,2,1,1,1,1,2,2,1,2,2,1,1,1,1,1
"R_1N5sIr8HSoZd8Fk",1,2,1,2,1,2,2,2,1,2,1,2,1,1,2,1,NA,NA
"R_1mWru2I2Pw8rjIl",2,-2,-2,-1,0,0,-1,-1,1,-2,-1,1,1,0,NA,NA,NA,NA
"R_XUqfC60O2br7izD",1,2,1,2,2,1,1,1,1,2,2,1,2,1,NA,NA,NA,NA
"R_1ND5GzzHw3ROUu2",1,1,2,1,1,1,1,1,2,1,1,1,1,1,1,1,NA,NA
"R_1JVZr4f3f2UXE88",1,1,-2,-2,-2,-2,2,2,2,2,2,2,-2,-2,NA,NA,NA,NA
"R_1IFW41x8wppb8hI",2,1,1,2,2,2,1,2,2,-1,1,2,2,1,NA,NA,NA,NA
"R_1LbQF7ATY2gWzyV",1,2,2,1,1,2,1,2,2,2,1,2,2,1,2,2,NA,NA
"R_UEdaaaydYyB7D2h",2,2,2,-2,1,-1,1,1,2,2,2,2,1,-1,NA,NA,2,2
"R_3McHL6Yb0teR8fr",-2,0,-2,-2,-1,-1,-2,0,-1,1,1,-1,1,1,NA,NA,-2,-1
"R_26fIXERJLcFHH52",2,2,1,1,2,2,2,2,2,2,2,2,2,2,NA,NA,NA,NA
"R_2yr9Mnp83EExnth",0,-1,1,1,1,1,1,1,1,1,1,1,1,1,NA,NA,NA,NA
"R_1nZpA0k9OBjFkAW",1,1,-1,1,2,2,1,-1,2,1,2,2,2,2,1,-1,NA,NA
"R_SADddZNE67qRozf",-2,-2,-1,1,-2,-2,-1,-1,-2,1,1,2,1,1,NA,NA,1,2
"R_3fpDy2ca6qpvnQ8",-1,2,1,2,-1,2,2,-1,-1,1,1,2,-1,2,NA,NA,-1,-2
"R_pJCUoXmGJ1ImuIN",1,-1,1,-2,1,1,1,1,-1,-1,1,-1,1,2,NA,NA,1,1
"R_xFWcuNgdPAivH3P",1,2,1,1,1,2,-1,-1,1,1,-1,-1,1,2,NA,NA,1,2
"R_p63Cb51GEviV9ER",2,2,2,1,2,-1,2,2,2,2,0,0,2,2,NA,NA,NA,NA
"R_1PYuA65A7Fhlxfi",-1,-1,1,-1,1,1,-1,-1,1,1,1,1,1,1,NA,NA,1,1
"R_2fp4sm5N4Oi9rFN",-2,-2,1,-2,2,-2,2,2,0,0,-2,-2,-2,-2,NA,NA,NA,NA
"R_1myogFDaX46PYyk",1,1,0,-1,1,1,0,1,0,0,0,0,1,1,NA,NA,NA,NA
"R_RhiKdzVUtxh4J33",1,1,-1,0,1,-1,-1,-1,1,1,-1,-1,1,-1,1,1,NA,NA
"R_3jZsnf7l4h6FTp7",1,1,1,1,1,1,1,1,1,1,1,1,1,1,NA,NA,NA,NA
"R_1NgZnfHTOMkTa2Z",1,1,1,1,2,2,2,2,2,2,2,2,2,2,NA,NA,2,1
"R_31FpXkVuDoe3MTW",1,1,1,1,1,1,1,1,1,1,1,1,1,1,NA,NA,NA,NA
"R_STRW3bHh5HUpFnP",1,1,1,-2,2,-1,1,1,1,1,-1,-1,1,-1,1,1,NA,NA
"R_12KCIbmrlTj2PdA",1,1,-1,-1,0,1,1,1,2,2,0,0,2,-2,NA,NA,-1,-1
"R_1poFjLJQLBXoNCD",1,1,1,1,-1,1,1,1,1,1,1,1,1,-1,NA,NA,NA,NA
"R_1zi1ahbhFw1pXPP",1,-1,2,-1,2,1,-1,1,1,1,1,1,2,1,NA,NA,2,2
"R_3q8SdU0mvrrXKOH",1,2,2,1,0,0,1,1,1,1,1,1,2,2,NA,NA,2,2
"R_1kGlo3TFvLc0POe",1,2,2,1,1,2,1,2,1,2,1,2,1,2,NA,NA,NA,NA
"R_31ugHMGWElFVTk9",-2,-2,-1,-1,0,0,1,1,1,1,1,1,2,2,NA,NA,NA,NA
"R_1rjlDjcYAL56aHa",-1,-1,1,-1,-1,-1,1,-1,1,-1,1,-1,-1,-1,NA,NA,1,-1
"R_27qCQZAPoUJvemW",1,1,2,2,1,2,1,2,2,2,1,2,2,1,NA,NA,1,2
"R_1fkjWEwesoMDuyD",1,1,1,1,1,1,-1,-1,1,1,1,1,1,1,-1,-1,NA,NA
"R_3hmOAIbHCAjoeoe",1,1,-1,1,1,1,1,1,1,1,1,1,-1,1,NA,NA,NA,NA
"R_3rHtlh4lAO4mXq6",1,1,1,1,0,0,1,1,2,2,2,2,1,2,NA,NA,2,2
"R_10C1pfKQPbC7CSZ",1,1,1,1,1,1,1,1,1,1,2,2,1,1,1,1,NA,NA
"R_2DV21rZAFmndhfs",1,1,1,1,1,1,2,1,1,2,2,1,2,1,1,1,2,2
"R_3dMTVQ4rVS1W338",2,2,1,1,2,2,1,1,2,2,1,1,2,2,NA,NA,2,2
"R_etYBYwDjBV9jy1z",1,1,1,1,1,1,-1,1,1,1,-1,-2,-1,1,1,2,NA,NA
"R_1IhpDg2ykFwJ19h",1,1,1,1,1,1,-1,-1,1,1,1,1,1,1,NA,NA,1,1
"R_2zUa2lb4yZC3LVP",1,1,1,1,1,1,1,1,1,1,1,-1,1,-1,1,1,1,1
"R_3QMEUW1WjBh61b5",-2,-2,1,1,1,2,1,1,2,2,2,2,0,1,1,1,-1,-1
"R_2xDx7jLramdDk2f",1,1,1,0,1,-1,1,1,1,1,1,1,1,1,NA,NA,NA,NA
"R_voeK6rAxY1GHRkJ",0,0,0,0,2,2,2,2,2,2,1,1,2,2,-2,-2,NA,NA
"R_RDqxs6snHxx6ZiN",-2,0,-2,-2,-2,-2,-2,-2,-2,-2,-2,-2,-2,-2,NA,NA,NA,NA
"R_2Yn4WEp7kXxQgDm",-2,-1,-1,1,2,1,1,1,1,1,1,1,1,1,NA,NA,1,1
"R_1nNjIUe6uEt55dM",-2,-2,2,2,-1,1,1,-2,2,2,-2,1,1,-2,-2,2,NA,NA
"R_6lhuLKJ427zR59n",2,2,2,2,2,2,2,2,2,2,2,2,2,2,NA,NA,NA,NA
"R_3O7VoPANiinug4i",0,0,1,-1,2,-1,-1,-1,1,-1,-1,-1,2,1,-1,1,NA,NA
"R_3G8nVSlW44bS1uB",2,2,2,2,2,2,2,2,2,2,2,2,2,2,NA,NA,2,2
"R_2uDuuNsjSM7myAT",-2,1,1,-2,2,2,-1,-1,-1,-1,-1,-1,2,2,1,1,NA,NA
"R_2BqVtxlVhSlmV6m",1,-1,2,1,0,-1,-1,2,0,0,0,1,-1,-2,1,1,-1,-1
"R_2YDLIbdeVXsgLx2",1,1,2,1,2,1,2,1,1,-1,2,1,1,1,NA,NA,NA,NA
"R_2e2SumZwm5UGCaj",2,-2,2,-2,2,2,-2,-2,2,1,2,2,2,2,NA,NA,NA,NA
"R_2mkgtqx2PkN6ULv",1,2,-2,-1,2,-1,-1,1,2,1,1,1,1,1,2,2,NA,NA
"R_3IXKzJG0SRoJwJr",-1,2,2,2,2,2,2,2,2,2,2,2,2,2,NA,NA,2,2
"R_3MboBRCR1SHeigO",1,1,1,1,2,2,1,1,-1,1,1,-1,2,1,NA,NA,NA,NA
"R_PSpX0Wo1NkTgtwt",1,1,1,1,1,1,1,1,1,1,1,1,1,1,1,1,NA,NA
"R_1q8x5YolwJR8Nzq",2,1,2,2,1,2,2,1,-1,-1,1,-1,1,-2,-2,-2,NA,NA
"R_237ymAg38jgscc0",1,2,1,2,1,2,2,1,2,1,1,2,2,1,1,2,2,1
"R_116jsJUqL1nNS5l",1,1,1,1,2,2,1,1,1,1,2,2,2,2,NA,NA,2,2
"R_8Gp7qu70UNqnWwh",1,2,2,2,2,2,2,2,2,2,2,2,2,2,NA,NA,2,2
"R_vqWegJusIMcg013",1,1,2,2,2,2,0,-2,2,2,2,2,2,2,-1,-1,NA,NA
"R_1DYiSPJHC4FyBOb",-2,1,-1,1,1,1,-1,-1,-2,-1,-1,1,1,-1,NA,NA,-1,-1
"R_1oFs1hewOHVxuev",1,1,1,1,1,1,1,1,1,1,1,1,1,1,1,1,1,1
"R_2QyWwURoe77FKWU",2,-2,-1,-2,1,-1,2,2,1,1,-1,-1,-2,-2,1,1,1,1
"R_1BYtZhjRw1Xd2Ht",1,2,1,1,1,1,2,2,2,-1,1,2,0,-2,NA,NA,-2,1
"R_3jUxfUkbL7ttG25",1,1,2,1,2,1,1,1,1,1,-1,-1,2,2,NA,NA,NA,NA
"R_3qaMlBPfS7HJz7S",2,2,2,2,2,2,2,2,2,2,2,2,2,2,NA,NA,NA,NA
"R_2b3jXiEsHpVSdId",1,1,-2,-2,1,-1,-2,-2,-1,-1,-1,-1,1,1,NA,NA,1,-1
"R_3gSoYz96ysXN7tU",2,2,1,1,2,1,1,1,2,2,1,1,1,1,NA,NA,2,2
"R_3rVduRswQfqQUvo",-2,-1,1,1,1,1,-2,1,1,-2,2,2,0,1,NA,NA,1,2
"R_2qdrLCsvHqjDXsM",1,2,1,2,1,1,2,-1,1,2,2,1,2,1,2,2,NA,NA
"R_2f7JDdm5bxQuALM",1,1,1,1,1,1,1,1,1,1,1,1,1,1,1,1,1,1
"R_3s08k6nfBHHwe0x",1,1,1,1,1,1,1,1,1,1,1,1,1,1,1,1,1,1
"R_A02GswHMDgHAn7z",-2,-2,-2,-2,-1,-1,-2,-2,-2,1,1,1,1,1,NA,NA,2,2
"R_rrKRHXvU0y8Zkk1",1,1,0,0,1,1,-1,-1,1,1,1,-1,2,2,NA,NA,2,2
"R_3hb6d76Pr6hgNtj",1,2,1,-1,1,2,1,2,2,-1,1,2,1,2,NA,NA,NA,NA
"R_1NtsiQiK9SRCL1W",0,1,1,-2,-1,-1,-2,-2,1,1,1,1,2,-1,1,1,1,-2
"R_1KxPBcFbnvGSRez",2,-1,0,0,2,0,1,1,1,1,0,0,2,1,NA,NA,2,2
"R_2XmM5hFdqwZRT7m",1,1,2,2,2,2,1,1,1,1,1,1,1,1,NA,NA,2,2
"R_YQzdCE7yCiovLsR",-2,2,2,1,1,-2,1,1,-2,-2,-2,-1,1,1,NA,NA,NA,NA
"R_2QhavO7LcN7bXx7",-2,-2,-2,-2,-2,-2,-2,-2,-2,-2,1,1,1,1,NA,NA,NA,NA
"R_1PRVmS7E8lujlR2",2,0,0,0,1,1,0,0,1,1,1,1,1,1,NA,NA,NA,NA
"R_6QH41cXybj6yzpT",-2,1,-2,1,-2,-1,2,-2,-1,1,-2,-2,-1,1,NA,NA,NA,NA
"R_3CWuvBcTmzMVHl9",1,1,-2,-2,-2,-2,-2,-2,-1,-2,-2,-2,-1,-1,NA,NA,-1,-1
"R_3KxUhsKIeSAGwh2",2,2,2,2,2,2,1,1,2,2,2,2,2,2,NA,NA,2,2
"R_3RaX43Va0QlVn3O",1,1,-1,-1,1,-1,1,1,1,-1,1,-1,-1,1,-1,-1,NA,NA
"R_3lAIGOfnUPASoyl",1,1,1,-1,1,1,1,1,1,1,1,1,2,2,1,-1,1,-1
"R_2CVBjjfOuTWYwWG",-1,-2,2,1,2,1,1,1,1,1,1,-1,2,1,NA,NA,2,1
"R_1IfMTvKTdqOTPLp",2,1,1,1,1,1,-1,1,1,1,1,1,2,1,NA,NA,NA,NA
"R_29n8f3qauVgiC6x",1,1,1,1,-2,-2,1,1,1,1,-2,-2,1,1,NA,NA,NA,NA
"R_cUeBMK9B4ynyVVL",-1,1,1,1,1,1,1,1,2,1,1,0,1,1,NA,NA,-2,1
"R_3iz2nD54ZQKd3S0",2,2,2,2,2,2,2,2,2,2,2,2,2,2,1,1,NA,NA
"R_tPwuSvEx4eEK4M1",1,1,-1,-1,1,1,2,1,1,1,1,1,1,2,NA,NA,NA,NA
"R_2zeZW5bePJjrmck",1,1,0,1,0,0,1,1,1,1,1,1,1,1,NA,NA,-1,-1
"R_1iljyKMIqF0DOss",-2,-1,0,-1,0,1,-2,-2,1,-1,0,-1,-2,-1,-1,-1,-1,-1
"R_z6WrvNw8EGEOn1T",1,1,1,-1,1,1,-1,-1,-1,-1,-2,1,-1,1,-1,-1,1,-1
"R_3HuXYEaneXpOMxY",1,1,1,1,1,1,1,1,1,1,0,0,1,-1,NA,NA,NA,NA
"R_VJ6n2yLV5bmX2aB",2,2,1,-1,2,1,-1,1,1,1,2,2,2,2,NA,NA,2,2
"R_RFzU5ABcJn1hidH",-1,1,-1,-1,1,1,-1,1,-1,-1,-1,-1,1,1,NA,NA,NA,NA
"R_1jSUfaaqdE1c3WU",-1,1,1,1,1,-2,1,-1,-2,-1,1,1,1,1,-1,-1,NA,NA
"R_3R3NJR7DUYKKEOA",0,0,0,0,2,-1,-1,1,1,1,1,1,1,-1,2,2,NA,NA
"R_3ejZfnA27DEbJtH",1,1,1,-1,1,1,1,1,-1,-1,-1,-1,2,2,NA,NA,NA,NA
"R_xx9BnyCG1gOnu9P",1,1,0,0,0,0,1,1,1,1,1,1,1,1,NA,NA,NA,NA
"R_YcuYLj7HZMMeR9L",1,2,1,0,1,1,0,0,0,0,1,1,1,1,NA,NA,2,1
"R_26fG8Dk1HewQwso",1,1,1,2,-2,1,-2,-1,0,1,1,1,1,1,1,2,1,-1
"R_1LAQvxcQo2YVvrD",2,1,2,1,1,2,2,2,1,2,1,2,1,1,1,2,NA,NA
"R_vTXUhLbqEbmym9b",1,1,-1,1,1,-1,-1,1,2,1,-1,-1,1,2,-1,-2,1,2
"R_OiXTyQ3Xn0SSPrX",-1,1,-2,2,1,1,1,2,2,2,2,2,2,-1,NA,NA,2,2
"R_vP0AxgtoMU42Kzv",1,1,1,1,1,1,1,1,1,1,1,1,1,1,1,1,1,1
"R_2SH4ZAh1gL1sA01",1,1,-1,1,1,1,1,1,1,1,1,1,1,1,NA,NA,1,1
"R_3JaZh1sYElZG2FU",1,1,1,1,1,1,1,1,1,1,-1,-2,2,2,2,2,1,1
"R_1FggAuBFubVg83W",-1,1,1,2,1,1,1,1,2,1,1,2,1,1,2,1,2,1
"R_2Sp3NemaNr9FygQ",2,1,0,0,2,2,1,1,1,1,1,1,1,1,NA,NA,NA,NA
"R_2OPfcLJBS25KME6",-1,-1,-1,1,1,1,1,-1,1,1,1,1,1,1,NA,NA,NA,NA
"R_3lt2g4tet1WE8uy",1,1,1,1,1,1,1,1,1,1,1,1,1,1,NA,NA,1,1
"R_1EZr2LYvwoB59Sl",-2,-2,-2,-2,-2,-2,-2,-2,-2,-2,-2,-2,-2,-2,NA,NA,-2,-2
"R_2rvWSzXsvbLrrdc",1,2,1,1,1,2,1,2,2,1,1,1,2,2,NA,NA,NA,NA
"R_D33L05TXBRtDaDL",2,2,2,-2,1,-1,2,2,2,2,2,2,2,2,NA,NA,NA,NA
"R_xo5qf006t0Hau1H",2,2,-1,-2,1,1,1,1,1,1,1,1,1,1,2,2,2,2
"R_10ZvVWIA59tLKsu",2,-2,1,-1,-1,-1,1,1,2,2,1,1,1,1,NA,NA,-1,-1
"R_9RdfglbEI4ZSaE9",2,2,2,2,2,2,2,2,2,2,2,1,1,2,NA,NA,NA,NA
"R_R838SLTHAoaF3aN",1,1,1,1,1,1,1,1,1,1,1,1,2,2,1,1,NA,NA
"R_3Dubg2dz8602F1h",2,1,1,2,2,1,2,2,2,2,2,2,1,-1,NA,NA,NA,NA
"R_2SfAeTZnMKERhBH",1,-2,1,1,1,1,-2,1,-1,1,-1,-1,2,2,NA,NA,2,2
"R_33dL8eSUle1NhCa",1,1,-1,-1,1,1,1,1,1,1,-1,-2,1,1,NA,NA,2,2
"R_Wc9VEDqPmfChIwp",0,0,0,0,0,0,0,0,2,2,1,1,1,1,1,1,1,-1
"R_1IgTr6ixSJZcKhC",2,1,2,-1,2,-2,-2,-2,-1,-1,1,1,2,2,NA,NA,2,2
"R_2OSyofxy7rnYvDE",2,2,2,2,2,2,2,2,2,2,2,2,2,2,2,2,1,2
"R_1DUaSDiT948kH9A",0,0,0,0,0,0,0,0,0,0,0,0,0,0,-2,-2,-2,-2
"R_3Jbmh6aLIydrnFo",1,1,-1,-1,2,1,1,1,-1,-1,2,2,1,1,NA,NA,2,2
"R_bOfzD4baMuuvxMR",1,2,2,2,2,2,1,1,1,1,1,1,1,2,NA,NA,1,2
"R_1LMrgNFUQJcdYs9",2,2,2,2,2,2,2,2,2,2,2,2,2,2,NA,NA,2,2
"R_0NbBQ1E3QJhwFgd",1,1,1,-1,1,-1,1,1,-1,1,1,1,1,1,NA,NA,NA,NA
"R_Zk33tWUYV0Z9QwF",1,-2,2,2,2,-1,1,-1,2,2,2,2,2,1,NA,NA,NA,NA
"R_2VJjwW9peDTQEHk",1,-1,-2,-2,-1,1,-1,1,-2,-1,1,1,1,1,1,1,1,1
"R_3hmEmwfrgo3ZirW",-2,-1,1,1,1,1,1,-2,1,-1,2,-1,-2,1,NA,NA,2,-1
"R_51EQFwNlr5dUsdX",1,1,0,-1,1,1,1,1,1,1,1,1,1,1,NA,NA,NA,NA
"R_3Vr74SslqGuOJIl",2,2,1,-1,2,2,-2,-2,1,1,1,1,2,2,NA,NA,NA,NA
"R_8kS5rj77F8UgTg5",1,2,1,2,1,2,1,2,1,2,1,2,1,2,1,2,NA,NA
"R_1DouVpgZJ9NLHps",1,1,1,1,1,1,1,1,1,1,1,1,1,1,-1,-1,NA,NA
"R_2WZ6kltmj3hNoAe",2,2,2,2,2,2,2,2,2,2,2,2,2,2,NA,NA,2,2
"R_2415ZF7ZyPGoxuN",1,1,1,1,1,1,1,1,1,1,1,1,1,1,NA,NA,NA,NA
"R_3KVZsgKjRiCoC1o",1,2,1,2,1,2,1,2,1,2,1,2,1,2,1,2,2,1
"R_ABzKx8sdl5MJXIR",0,0,-2,1,-1,0,1,-2,1,-2,0,0,0,-2,NA,NA,-1,1
"R_2vhTEJEqT4osVJO",1,1,1,1,1,1,1,1,1,1,1,1,1,1,NA,NA,1,1
"R_3CIoNf1yFkcVqz9",-1,-1,-1,-1,-1,-1,1,1,1,1,1,1,1,1,1,1,1,1
"R_3mjx8deFk8SRYv9",-1,-2,-1,-2,1,1,-1,-1,-1,-1,1,1,1,1,-2,-2,NA,NA
"R_1CqB0sQgy5Ti7lR",2,2,2,1,2,2,1,2,2,1,2,1,1,2,2,1,NA,NA
"R_1gun72uZojNATEn",2,2,1,-1,2,1,1,-1,2,2,1,1,2,1,NA,NA,1,1
"R_T8fVSWHOvW88S7T",1,1,0,-2,0,-1,1,2,1,1,-1,-1,-1,-2,NA,NA,NA,NA
"R_271Hi9HHYaEVCca",1,1,1,1,1,1,1,1,1,1,1,1,1,1,NA,NA,1,1
"R_1QFK6lwRH2Pbgp9",2,2,1,2,-2,1,1,-1,-1,1,1,2,1,2,NA,NA,NA,NA
"R_3flSP8C9z8sT5uQ",2,2,1,2,1,2,1,2,1,2,1,2,1,2,2,1,2,1
"R_1oyVo4N6k02rcUe",1,1,1,-2,1,-2,2,1,1,1,1,1,2,1,NA,NA,NA,NA
"R_3m9mr7MVl36vGdt",1,1,1,1,1,1,1,1,1,1,1,1,-2,-1,-1,1,NA,NA
"R_2pS0NtLvUJrWdgO",1,1,0,0,0,0,1,1,1,1,1,1,2,1,NA,NA,NA,NA
"R_yOVJDnhBaP5GHhn",1,1,-1,-1,1,1,1,1,1,1,1,1,1,1,NA,NA,NA,NA
"R_3ES7nAyAIVZzUcG",1,1,1,1,2,1,1,1,1,1,1,1,2,2,NA,NA,NA,NA
"R_3NDT5wlVtmaFSZw",2,1,1,-2,1,-2,2,2,2,2,1,1,1,-2,1,-1,NA,NA
"R_AKImL3S8XZT6boB",-2,0,-2,-2,2,2,2,2,1,-1,1,1,-1,1,NA,NA,2,1
"R_2YQj8GS6KMKyja6",2,2,2,1,2,1,2,1,2,2,2,2,2,2,NA,NA,2,2
"R_2WMDJMypPIWz4VX",1,1,1,1,1,1,1,-1,1,-1,1,1,-1,1,1,1,NA,NA
"R_3Dd1cxmM6QNnzV9",0,0,1,0,1,0,1,1,1,1,1,1,2,2,NA,NA,2,2
"R_111TnE6yXifnE2W",1,2,1,2,2,1,1,1,1,2,2,2,1,2,NA,NA,1,2
"R_2fqx96HZiUKOUFO",1,-2,1,1,1,-1,-2,0,1,1,1,-1,1,-1,NA,NA,1,1
"R_245xlKpiX0DJ3Sd",2,2,2,2,2,2,2,2,2,2,2,2,2,2,2,2,2,2
"R_1I5V2tlto9URwjU",0,0,0,0,0,0,0,0,0,0,0,0,0,0,NA,NA,-2,-2
"R_sNp2ldaKhjJfJn3",1,1,1,1,1,1,-1,1,1,1,1,1,2,2,NA,NA,2,2
"R_2rZoqHdWmE1eFdZ",1,1,-1,-2,1,-1,1,1,2,-1,1,1,2,1,NA,NA,2,2
"R_3j2PQJKBVxZXCKt",1,1,1,1,1,1,1,1,1,1,1,1,1,1,1,1,NA,NA
"R_2wLiLG0otMPtSVX",2,-2,2,-2,2,1,-2,-1,2,2,-1,-2,1,-1,NA,NA,NA,NA
"R_1o86qJpTx1kCs27",1,1,1,1,1,1,1,1,1,1,1,1,1,1,NA,NA,NA,NA
"R_3Hwfq0I9Lwx3Iy3",2,-1,1,1,2,2,1,-1,1,1,2,2,2,2,NA,NA,NA,NA
"R_SDlIHoVMXX3Tnq1",2,1,0,-1,1,-1,-1,-1,2,2,1,1,2,2,NA,NA,NA,NA
"R_3DqqIwn24J1mUM8",-1,1,-1,-1,1,1,2,2,-1,-1,1,1,1,-1,NA,NA,NA,NA
"R_2CBW5FkNftVXNiX",1,1,1,1,2,2,1,1,1,1,1,1,2,2,1,1,1,1
"R_3JjRGZesjcENebC",0,0,0,0,1,1,-1,1,1,1,1,1,1,1,NA,NA,1,1
"R_3Mhel0eSOejJuGI",1,-2,1,-1,2,1,-2,-2,-2,-1,-2,-2,1,1,NA,NA,NA,NA
"R_3kM14PGBCt2fOvf",2,2,1,-1,1,1,-2,-2,0,0,2,1,-2,-2,NA,NA,2,-1
"R_20tAGPiBUrfRcAN",-2,1,1,-1,1,1,1,1,2,-2,-1,-1,1,2,1,1,1,2
"R_3ssjCiYZXGA1GZS",1,-1,1,1,1,1,-1,1,1,1,1,1,1,1,-2,-2,NA,NA
"R_2SGP5nw7dxpn8LJ",-2,2,1,1,1,-2,1,1,2,1,1,1,1,1,-2,1,-1,-1
"R_1pldT2TID5vcJ19",1,1,1,1,1,1,1,1,1,1,1,1,1,1,1,1,1,1
"R_cHiKwKkhJfMaFX3",2,-1,2,-1,2,-2,2,-2,1,1,1,-1,2,2,NA,NA,2,2
"R_3iJtvCDGAM0WdfF",2,1,2,1,2,2,1,1,2,2,1,1,2,2,NA,NA,NA,NA
"R_25YC4a1MWOVh9fg",1,1,1,1,2,-1,1,1,0,0,0,0,2,2,NA,NA,1,1
"R_1LBeyeBINnWGqOk",2,-2,2,-2,2,2,2,2,2,2,-2,-2,0,-2,NA,NA,2,2
"R_eu6c23q93aVgw3T",-1,1,1,1,1,1,-1,1,1,1,1,1,1,1,NA,NA,1,1
"R_9FGOexCsxcWJB85",1,1,1,1,1,1,1,1,1,1,1,1,1,1,1,1,NA,NA
"R_3PNbR4MyWEHVVo2",1,-1,-1,1,1,-1,1,1,1,1,-1,-2,-1,-2,NA,NA,NA,NA
"R_cBivyjElhr82INz",1,1,1,1,1,1,-1,-1,1,1,1,1,1,1,NA,NA,NA,NA
"R_331HC0BAFGsBELO",0,-1,0,-1,0,0,1,1,1,1,1,1,1,1,NA,NA,1,1
"R_2TpfSbJh6FxEdOD",1,1,1,1,1,1,1,1,1,1,1,1,1,1,NA,NA,1,1
"R_UQlTzUMxnYiHabD",2,2,1,2,2,2,2,2,1,2,2,2,1,2,1,2,2,2
"R_yPZ8IwWiayYOIut",2,-1,-2,-2,-2,-2,-2,-2,-2,-2,-2,-2,-2,-2,NA,NA,2,2
"R_XzTXYsN4uJJhiJH",1,1,1,2,1,2,1,-1,1,1,1,1,2,-1,NA,NA,2,1
"R_2WIls99V1JrPkLj",1,1,1,-1,1,-2,1,1,1,1,1,-1,1,2,1,-1,NA,NA
"R_2wN7JLCQ8JChwR4",2,2,2,-2,2,-1,1,-1,2,2,2,2,-2,-2,2,2,-2,-2
"R_2lybqqPo2bQF9Ch",1,2,2,1,1,2,1,2,1,2,2,2,2,1,NA,NA,2,1
"R_1Cd68lDfEhOQQI9",2,2,2,-2,2,-2,1,1,1,1,1,-2,2,-2,NA,NA,2,-2
"R_2VKpOOL0OjG26ZS",1,1,1,-1,1,1,1,1,2,2,2,2,2,2,NA,NA,1,1
"R_3feNswQBVCe6Txx",2,2,2,1,2,1,-1,1,1,2,1,1,2,2,1,2,NA,NA
"R_T0Cv5WPQvOZUQ8N",-1,-1,1,-1,1,-2,-2,1,-2,-1,-2,1,1,1,NA,NA,1,1
"R_2f3XysOFoxCelJg",1,1,-1,-1,1,-1,-1,-1,1,2,-1,1,1,1,NA,NA,-2,-2
"R_UDZ0Li5RXDJcaY1",1,-1,0,-1,1,1,-2,-2,1,1,1,1,1,1,NA,NA,NA,NA
"R_21yXTNGMCVe39Dm",2,-1,-1,-1,0,0,0,0,2,2,1,1,2,2,NA,NA,-1,-2
"R_vYqOWjIjukoc7fz",2,2,1,-2,2,1,1,2,1,1,-1,-1,2,2,-1,2,NA,NA
"R_PZBFNnxITK2bpGF",1,1,0,-1,1,-1,1,1,0,1,2,2,1,1,-1,1,1,-1
"R_XGGbCudb3N9dUCB",1,1,1,1,1,1,1,1,1,1,1,1,1,1,NA,NA,NA,NA
"R_3fvFKR4jSrLeNCU",-2,1,-1,1,-2,-1,1,0,-1,2,1,2,-2,-1,NA,NA,2,-1
"R_1joGBEXBKzYrKbb",1,1,2,1,1,1,2,2,1,1,1,2,1,1,NA,NA,2,2
"R_21I0l5jKz1I3fAR",0,0,0,0,0,0,0,0,0,0,0,0,0,0,NA,NA,NA,NA
"R_3KJklKwDvaHTRWK",2,2,2,-2,2,2,-2,-2,2,2,2,2,2,2,2,2,NA,NA
"R_3e4BDPNhiK4ARPB",2,2,2,2,2,2,2,2,2,2,2,2,2,2,NA,NA,NA,NA
"R_sdIZhkKi6oRMyM9",2,2,1,2,2,2,2,2,2,2,1,1,1,2,NA,NA,NA,NA
"R_3jugdIghPG5MM3T",2,2,2,2,2,2,2,2,2,2,2,2,2,2,NA,NA,1,2
"R_1Fs3kvB5CHaAO4d",2,2,1,-2,1,0,1,1,1,1,1,1,1,1,1,1,NA,NA
"R_1dyPgfMKwb0WUI0",1,-1,1,-1,-1,2,-2,2,1,2,1,2,2,2,NA,NA,2,1
"R_p5WOGm2vvHeaeVb",-2,-2,1,1,1,1,1,1,1,1,1,1,1,1,NA,NA,1,2
"R_5vFQZBIBYCLr0I1",0,0,0,2,-2,-1,-1,-1,-1,1,-2,1,0,-1,NA,NA,-1,-1
"R_30leJqDBUQdjN6P",1,2,1,1,1,1,1,1,1,1,1,1,-1,1,1,1,-1,-1
"R_1rqskotb14MSQ2h",-2,-2,-2,-2,1,1,1,1,-2,-1,1,1,1,1,NA,NA,NA,NA
"R_2zIv34Fr7ar1zDC",2,1,2,2,1,1,1,1,1,1,2,2,2,1,2,2,2,1
"R_1mws3j1hzuQUA76",-2,0,-1,-1,1,1,1,1,1,2,-1,0,1,2,NA,NA,1,2
"R_1mgbJWb1yXgc4X9",1,2,2,2,1,2,1,-1,2,1,1,2,2,1,NA,NA,NA,NA
"R_ZBOB9JwuUpcj8yt",1,2,2,-1,1,1,-2,-1,1,-2,1,-1,-2,-2,NA,NA,2,2
"R_3e37v62QH7Z565U",1,1,1,-1,1,-1,1,-1,1,1,2,2,1,2,NA,NA,2,2
"R_2X7KazO5hEldKXh",2,2,2,2,2,2,2,2,2,2,2,2,2,2,2,2,2,2
"R_1ochtQqz17TWjoE",2,1,2,2,1,2,2,1,1,1,2,-1,2,1,NA,NA,2,2
"R_115iwos8GGSqhoy",2,2,2,2,2,2,2,2,2,2,2,2,2,2,2,2,NA,NA
"R_1ODDbOXJ0TeQz9W",1,1,1,-2,1,-2,-2,1,2,2,2,2,1,1,NA,NA,NA,NA
"R_1eEqKmtvMjz5S1a",2,2,2,1,2,1,2,1,2,1,2,1,2,1,2,1,2,1
"R_1KjUxMUeaoaLI6p",-1,-2,1,1,1,-1,-2,-2,-1,-2,1,-1,-2,-2,-1,-2,1,1
"R_3RjFGvVa68onKHf",2,-1,2,1,2,1,1,1,2,2,-2,-2,2,-1,NA,NA,NA,NA
"R_1ln1N10nHL0pJsY",2,2,1,-1,2,1,1,1,1,1,1,1,2,2,1,1,2,2
"R_3fBKiyibb05zU7k",2,2,-1,0,1,1,-1,-1,1,1,1,1,1,1,-1,-1,NA,NA
"R_T7NVVPuF78BQEVz",1,1,1,-2,1,-1,1,1,1,1,1,1,1,1,1,-1,NA,NA
"R_20Oq0t8sMY23kJm",-1,1,1,1,1,1,1,-1,1,1,-1,-1,1,1,NA,NA,-1,-1
"R_5dsxLbd1oqRmNEJ",0,0,1,1,1,1,-2,-2,-1,1,1,-1,1,-2,NA,NA,NA,NA
"R_240M2IcGESCWVQc",1,1,-2,1,2,-1,1,1,1,1,-1,1,2,2,NA,NA,2,1
"R_1cS41pRd6grUz0u",2,2,1,1,1,1,2,2,2,2,2,2,2,2,NA,NA,NA,NA
"R_uvLJ8mfH39UzX4l",1,-2,-2,-2,-2,-2,1,-2,2,1,1,-1,-1,-1,NA,NA,1,2
"R_3gUb1sRrbqPY6AE",2,2,2,2,2,2,2,2,2,2,2,2,2,2,2,2,NA,NA
"R_12KXJqWaZx5uF9n",1,1,1,1,1,1,1,1,1,1,1,1,1,1,NA,NA,-1,-1
"R_3D2e0rapQOEEPzm",2,2,2,1,1,1,2,2,0,0,0,2,0,0,2,1,NA,NA
"R_UKh5SDnDZIQmIcp",-2,0,0,0,0,0,0,0,0,0,0,0,0,0,NA,NA,NA,NA
"R_2QJSuXrA5GOiI7I",2,2,1,0,0,0,2,2,0,0,2,2,2,2,NA,NA,NA,NA
"R_cD6dY8xhFYGteSZ",1,1,1,1,1,1,1,1,1,1,1,1,1,1,NA,NA,NA,NA
"R_3DvSCXmepofZnMB",2,2,0,0,0,0,2,2,2,2,2,2,0,0,NA,NA,NA,NA
"R_1OVkf6RSzIQMSLu",1,1,1,1,1,1,1,1,1,1,1,1,1,1,NA,NA,1,1
"R_Td2YJMyB1iiINXP",1,1,1,1,1,1,1,1,1,1,1,1,1,1,NA,NA,NA,NA
"R_9MGTGn7i6ymr4zL",-1,1,-2,1,1,1,1,1,-1,-1,1,1,1,1,1,1,NA,NA
"R_Q4lTLcWhl89Yi3f",2,2,2,1,1,2,1,2,1,2,1,2,1,2,1,2,NA,NA
"R_3PTyL75fFzWmgLI",-2,-2,-2,-2,1,-2,-2,-2,-1,-2,-2,-2,2,-2,NA,NA,NA,NA
"R_1GB53VxxZBWVgev",-2,0,1,1,1,1,1,1,0,0,1,1,-1,-2,NA,NA,1,1
"R_29ivxyk4FCisobr",1,1,-1,-1,-1,-1,-1,1,1,1,-1,1,2,1,1,1,NA,NA
"R_3D5h8bd9uHSES6r",-1,-1,1,-1,1,1,1,-1,-2,-2,-2,-2,1,-1,NA,NA,1,1
"R_2OMFUtqvijQZShM",1,1,1,1,1,1,1,2,1,1,1,1,1,1,NA,NA,NA,NA
"R_1MXRukxMQUSqTxf",1,1,1,1,1,1,1,1,-1,-1,1,-1,1,1,NA,NA,NA,NA
"R_24qSj5VmD97x5Yf",-1,-1,2,1,1,-1,1,1,2,1,1,1,1,-1,NA,NA,NA,NA
"R_3nIA4wjJRdWmCcj",0,0,-1,-1,1,1,1,1,1,1,-1,-1,1,1,NA,NA,-1,-1
"R_43puqcUjvmXZ10R",1,1,1,1,1,1,1,1,1,1,-1,1,1,1,NA,NA,NA,NA
"R_25uvxVntGFlnW9S",-1,-1,-1,-1,-1,-1,-1,-1,-1,-1,-1,-1,-1,-1,NA,NA,NA,NA
"R_2VNEvc3q6A8JADK",2,2,2,1,2,2,1,2,2,2,2,2,2,2,NA,NA,NA,NA
"R_XNVyVAccAvAKJEJ",2,1,-1,0,1,1,-1,-2,-1,-2,-2,-1,2,2,NA,NA,2,2
"R_1E5LV9WhaD3M6rw",2,2,2,2,2,2,2,1,2,-1,1,2,1,-1,NA,NA,1,1
"R_1DNm2CPcNgThneS",1,1,2,2,0,0,1,1,0,0,-1,-1,2,2,NA,NA,2,2
"R_zezjsbWr61HVFNT",1,2,1,-1,1,-1,-2,-2,1,1,1,1,2,-1,1,1,NA,NA
"R_2tGwVdzgKunK8sQ",1,-2,-2,-1,-2,1,-2,1,-2,-1,-2,-2,-2,-1,NA,NA,NA,NA
"R_3J30uKz1oB2Qrpz",1,1,1,-1,1,1,-1,-1,1,1,-1,-1,1,1,-1,-1,-1,-1
"R_3hGvvcJgO9QlCKV",-1,-1,-1,-1,1,1,1,1,1,2,2,2,2,2,NA,NA,2,2
"R_1mkO8LqudyRFYRU",2,2,2,2,1,1,2,2,2,2,2,2,2,2,NA,NA,2,2
"R_30jfWxDZTccF6FX",1,1,2,1,-1,-1,2,2,2,2,1,1,2,1,NA,NA,2,2
"R_7TLirvRNV7w30Qx",1,1,0,-2,0,-2,1,1,0,0,0,0,1,1,NA,NA,NA,NA
"R_1ddb3dr1AjbHpzj",1,1,1,0,0,0,1,1,1,1,1,1,2,2,NA,NA,NA,NA
"R_WlKAiCCBLnPpEBz",2,2,2,2,1,2,2,2,2,1,-1,1,2,2,1,2,2,1
"R_3CCJQgC12Hwcub7",1,1,1,1,1,1,1,1,1,1,1,1,1,1,NA,NA,1,1
"R_OCEnfuy9HGGrVV7",1,2,-2,-2,1,-2,-2,-2,1,1,-1,-1,1,-1,2,2,NA,NA
"R_3NJtPAqG4b2DScp",1,1,1,1,1,1,1,1,1,1,-1,1,1,1,NA,NA,1,1
"R_3p4poOBn2YXGXkn",1,1,1,1,1,1,1,1,1,1,1,1,1,1,NA,NA,1,1
"R_AL4ai6o9obJHx5L",0,-2,-1,-2,2,-2,-1,-2,2,2,1,2,2,2,NA,NA,-2,-2
"R_2P71FDMBtDPaCns",1,2,-2,1,2,-1,2,2,2,2,-1,-1,2,2,NA,NA,2,2
"R_sL5qMCpwPtWOSXL",0,1,1,-1,1,-1,1,1,1,-1,1,1,1,-1,1,1,1,1
"R_3R4lvUvjbwswaBh",-2,1,1,2,1,2,1,2,1,2,2,1,-2,1,1,2,NA,NA
"R_2QEeRxbp8otK7M7",2,2,2,-1,2,2,2,2,2,2,2,2,2,2,NA,NA,NA,NA
"R_2Ua5Uh0uSGlDs8c",1,2,2,1,1,2,2,2,1,2,1,2,1,2,NA,NA,NA,NA
"R_3ERTLfoR4EMEUzG",1,1,0,0,1,1,1,1,1,1,1,1,1,1,NA,NA,NA,NA
"R_RWWnNrVtGIc52yB",1,1,1,1,1,1,1,1,1,1,1,1,1,1,NA,NA,1,1
"R_1QuOp3zBoctNGJn",-1,2,0,0,0,0,0,0,0,0,1,0,2,1,-2,-2,2,2
"R_3hcmysYtHYMIGmC",2,2,2,2,2,2,2,2,2,2,2,2,2,2,NA,NA,2,2
"R_2TphnNj0eczh4k2",2,2,1,-1,2,-2,-1,-1,2,2,2,2,2,2,NA,NA,2,2
"R_27qBGh22uC6DBi4",1,1,2,1,1,2,0,1,1,1,1,1,1,1,-1,-1,NA,NA
"R_31hYcjgumFDQ2sT",2,0,0,0,0,0,2,2,0,0,1,1,-2,-2,NA,NA,NA,NA
"R_3PEJgz3cV73aD7J",-2,0,0,0,0,0,0,0,0,0,0,0,0,0,NA,NA,1,1
"R_2bKuoN7lGZseyJ0",1,1,-1,-2,2,1,1,1,1,1,1,-1,1,1,NA,NA,2,2
"R_3GcTnq6RIUPSMcZ",2,-2,-2,-2,-2,-2,-2,2,2,2,1,-1,2,1,NA,NA,2,2
"R_3fOuWgfuVt9Q4pu",1,1,0,0,1,1,1,1,2,1,1,1,2,1,NA,NA,NA,NA
"R_3JLswMQobuXiOXC",-1,-2,-2,-2,-1,-1,-2,-2,1,1,1,1,1,1,NA,NA,-2,-2
"R_1DLHMi2dgq4zS08",2,1,1,-2,2,-1,1,1,2,2,-1,-1,2,1,NA,NA,2,2
"R_3MGuqTBaRK4ip4v",1,1,1,1,1,1,1,1,1,1,1,1,1,1,NA,NA,1,1
"R_xz9UPJsKLkoxhzb",1,-1,0,0,0,0,1,1,-1,-1,-1,-1,1,1,NA,NA,NA,NA
"R_2QlecwgU0nnqCls",1,2,2,1,2,1,2,1,2,1,2,1,2,1,2,1,2,1
"R_ULUvA6pqFFYVHvX",2,2,2,2,2,2,1,1,1,1,2,2,2,2,NA,NA,1,2
"R_3Rz8j9JiFEuAhur",1,1,0,0,0,0,1,1,1,1,0,0,1,1,1,1,1,1
"R_1CxBDASJcMx0fWB",0,1,0,0,1,1,1,1,1,1,1,1,1,1,NA,NA,NA,NA
"R_tXa70vjSi9lHJmx",2,2,1,-1,2,1,1,1,2,2,-1,-1,2,2,NA,NA,NA,NA
"R_1C9e5lY5wIB72xG",1,1,1,1,1,2,-2,1,1,-2,1,1,2,1,-1,-1,1,1
"R_3ktwHsrfe9T6tzp",-1,-1,-1,1,1,1,1,1,1,1,1,2,1,2,1,2,1,2
"R_2DTcFksWdaXHlyC",2,2,-1,-1,0,0,1,1,1,0,1,1,2,2,NA,NA,NA,NA
"R_2SctJfZjsJG8xUd",1,1,2,2,1,1,-1,-1,2,2,2,2,1,-1,-1,-1,2,2
"R_2uU8I057sdZoRlb",1,-2,-2,-2,-2,1,-2,-2,1,1,1,1,1,1,NA,NA,2,1
"R_2uvnE1q5pKuPn4v",-1,1,-2,-2,1,-1,-1,-1,1,1,1,1,1,1,NA,NA,1,1
"R_3Dc4u1saEsWm58C",0,-2,-2,-1,-1,-1,1,-1,-1,-1,-1,-2,-1,-1,NA,NA,1,1
"R_zcW9j2rfu9vuvBL",1,-1,-2,-1,1,1,-1,1,-1,-1,-1,-1,-2,0,1,1,-1,1
"R_3isvbZLgF86OqlS",2,1,1,-1,1,-1,1,2,1,1,1,1,1,1,-1,-2,-1,-2
"R_1romdr3FePhUq68",2,2,1,-1,1,-1,1,1,1,1,1,1,1,-1,NA,NA,NA,NA
"R_3nwrlQs6uu1IJN4",2,1,-2,2,0,1,0,-1,-2,-1,-2,2,-2,1,-2,2,NA,NA
"R_vkHEMd3mzyw2hEt",2,-2,2,1,2,1,2,1,2,2,2,2,1,1,NA,NA,2,2
"R_2eQocvWa5mDocNH",-2,-2,0,-2,1,-1,-2,-2,1,-1,1,2,-1,-1,NA,NA,2,-1
"R_2wTVgpK4hrxte7k",1,2,-1,-1,1,-2,-1,1,1,1,1,2,2,1,-2,-2,NA,NA
"R_3p9A7ctHkDqkX32",1,-1,1,-2,1,-1,2,1,1,1,1,-1,2,-1,NA,NA,NA,NA
"R_3OitLwsKDTrqcnN",-1,1,-2,1,0,0,2,0,2,-2,0,0,-1,2,NA,NA,2,-1
"R_10OFfnBrarXpZnx",-1,-2,-1,-2,-1,-2,-1,-1,2,2,-1,0,1,1,NA,NA,2,2
"R_3Kwq2FVUbi7FIRX",2,1,2,1,2,1,1,2,1,2,2,1,2,1,2,1,2,1
"R_1LGmZMxTc9th7gf",1,1,1,1,1,1,1,1,1,1,-1,-1,1,1,NA,NA,NA,NA
"R_BXJcRrdpp2t0fgl",0,2,1,1,2,1,2,1,2,-1,1,-1,1,-1,NA,NA,2,1
"R_5oFN6C7rNltMa7T",-2,-1,-2,1,-1,-1,-2,-1,-1,-1,-2,-2,1,-1,-1,1,NA,NA
"R_USeTisDJVSa3kUp",0,-2,2,1,2,-1,2,1,2,2,2,2,2,2,NA,NA,1,1
"R_23difKdGXrQgMhF",-2,0,-2,2,0,2,0,0,0,0,0,0,0,0,NA,NA,NA,NA
"R_28NvoYMKZt8dehg",1,1,1,-1,1,-1,1,1,1,1,1,1,1,1,1,1,1,1
"R_1oaJOMjloGgxgAE",1,1,0,-1,0,-1,-1,1,1,1,1,-1,1,-1,1,1,-2,-2
"R_9S8160451u1lEqJ",2,1,1,2,2,1,1,2,2,1,1,2,2,1,NA,NA,NA,NA
"R_3rGqR9RNh51bLMs",1,-2,2,1,2,1,-1,1,1,1,-2,-2,1,-1,NA,NA,NA,NA
"R_A6aki09GwBTy6Up",1,1,1,1,2,1,1,1,1,1,1,1,2,2,NA,NA,2,2
"R_2c17u1TBa8R1LEE",2,2,2,1,2,2,2,2,2,2,2,2,2,2,NA,NA,NA,NA
"R_vxeDbbY0nuU3hMR",1,1,-1,-1,1,1,-1,-1,1,1,1,1,-1,-1,-1,-1,NA,NA
"R_2EtTOzAnmpc0VeK",-2,-1,1,1,-1,-2,1,-2,-1,0,0,0,-2,-1,NA,NA,NA,NA
"R_1BXkm6dBi2Ngfgm",0,0,0,0,0,0,0,0,0,0,0,0,0,0,1,-2,-2,-2
"R_1FFFFEW8xKaSJFS",1,1,1,1,1,1,1,1,1,1,1,-1,1,1,1,1,NA,NA
"R_1Fm4tzC4awssz8W",-1,-1,-1,-1,-1,-1,1,1,-1,-1,1,1,2,2,NA,NA,2,1
"R_3PhPIMGRDmoTP96",1,1,1,-1,1,-1,-1,-2,1,1,1,-1,1,-1,NA,NA,NA,NA
"R_3pgxP4Cmehz2jnb",2,2,0,0,0,0,2,2,2,2,2,2,2,2,NA,NA,NA,NA
"R_1KpOh5DZQR88tul",1,1,-2,-2,-2,-2,1,1,0,0,0,0,1,1,NA,NA,NA,NA
"R_vAhBgCfVo5Arjgd",1,1,1,-2,1,-2,1,1,1,1,2,2,1,1,NA,NA,2,1
"R_2TWQqVEWZltCqr5",1,1,1,-1,1,1,1,1,1,1,1,1,1,1,NA,NA,1,1
"R_3k7jBenBD9BdaEt",1,1,1,-1,1,-1,1,1,1,1,1,1,1,1,NA,NA,NA,NA
"R_1OV4wHUZy3PyP6D",1,1,1,1,2,1,-1,1,1,1,-1,-1,2,2,NA,NA,-2,1
"R_3fdWmlTZi8atFUO",-2,-2,1,-1,-2,-2,2,2,1,2,1,1,2,1,-2,-2,2,2
"R_22JI1VucIhWrRNE",1,1,1,1,1,1,-1,1,1,1,1,1,1,1,NA,NA,1,1
"R_1Qae9Ejj4AccHGF",1,1,1,2,2,2,2,2,2,1,2,2,2,2,2,1,1,2
"R_2qxhGt39SN9FVJA",1,1,1,-2,1,1,-2,-2,0,0,1,1,2,1,NA,NA,NA,NA
"R_2bK647OxkfOU15m",-2,0,-2,-1,0,-1,0,1,0,2,0,-1,-2,-1,NA,NA,NA,NA
"R_2wMnYrt3DYUEpub",1,-1,2,-1,1,-2,1,1,1,1,1,1,2,1,NA,NA,NA,NA
"R_1ooSBnT0XbVKgVB",2,1,1,-2,2,1,-2,-1,-1,1,1,-1,1,-1,-2,-2,1,-2
"R_2b1THk76A4knGvu",0,-2,-1,-1,1,0,1,-1,-2,-2,-2,-2,-2,-2,NA,NA,-2,-2
"R_21v01c6I3GZwQAl",-1,1,1,-1,0,0,-2,1,1,1,-2,-2,1,1,NA,NA,1,1
"R_3PuBIv4x6v7ouMK",2,1,1,-1,2,-1,1,1,1,1,1,1,2,-2,NA,NA,2,2
"R_86MZZLq38udY6E9",2,2,0,0,2,2,2,2,1,1,1,1,1,-1,NA,NA,NA,NA
"R_3iCDpxRMxhlw4dd",1,1,-2,-2,0,1,-1,1,1,1,-1,1,1,-1,NA,NA,-2,1
"R_57OWs3hjvW7a0KZ",0,0,-1,-1,-1,-1,1,1,2,2,1,-1,2,2,1,1,NA,NA
"R_RFgywfbDgM4dGqR",1,1,1,1,1,1,1,1,1,1,1,1,2,2,NA,NA,NA,NA
"R_3QVgYwiwFYmgcak",1,-2,-2,1,1,-1,1,-1,-1,1,2,-1,1,-1,NA,NA,2,-1
"R_1HnPJW0086BHpkT",2,2,2,2,2,2,2,2,2,2,2,2,2,2,NA,NA,NA,NA
"R_sNK95DAvALNkDEB",-1,-2,-2,0,-1,0,-1,0,-1,-1,-1,-1,-1,-2,1,-2,NA,NA
"R_eWYmzYRfzBmHWF3",1,1,2,2,2,2,2,1,-1,1,1,1,1,1,NA,NA,NA,NA
"R_1FmF558sXfo7lqc",1,1,1,-1,1,-1,1,1,-1,1,-1,-1,1,1,NA,NA,1,-2
"R_3n64s9oL4Ta70Q3",1,1,1,-1,1,-1,1,1,1,1,1,1,1,1,NA,NA,1,1
"R_2aXjsefJKAqs5Xt",1,-1,1,-2,1,1,1,1,-1,-1,0,-1,2,1,-2,-2,2,2
"R_a4OiWkd9S3aktH3",2,1,2,2,2,1,2,2,1,2,2,1,2,2,2,1,NA,NA
"R_3gRep2skdbSK6Yy",1,1,1,-2,1,-2,1,2,1,1,0,0,1,1,1,1,1,1
"R_3qxU1YKNCOVFvnx",-1,-1,-1,0,1,-2,-1,1,1,-1,1,-1,-1,-1,NA,NA,-1,-1
"R_3hok9BWygePB07R",1,1,1,0,2,1,1,2,0,0,1,1,2,2,NA,NA,1,1
"R_3fxhQdmBnlUFBRv",1,1,-1,-2,1,1,-2,-1,-1,1,1,-2,1,-2,NA,NA,2,1
"R_1dmdyllWi4xP1h9",0,0,0,0,0,0,0,0,0,0,0,0,0,0,NA,NA,1,1
"R_1rqPPhxRdQz32Sm",-2,1,1,1,1,1,1,1,1,1,1,1,1,-1,1,1,1,1
"R_rqLo3LR5R1hSHIJ",2,-1,1,1,1,1,1,1,1,1,1,1,1,1,NA,NA,2,2
"R_XBOol0GbThd1hyp",1,1,-1,-1,1,-1,-2,-1,1,1,1,-1,2,1,NA,NA,1,-1
"R_3stAi7D8IeXa8qi",1,1,1,-2,1,-2,-2,-2,1,1,1,1,1,1,NA,NA,2,2
"R_eQldOYahetUb1Jf",2,2,1,2,2,2,2,2,2,2,2,2,1,1,NA,NA,NA,NA
"R_3m1YDP8WrGjo89q",1,1,1,-1,-1,1,-1,-1,1,1,1,1,2,1,1,1,NA,NA
"R_0cy5qgo5k6XgQ7f",1,1,1,1,1,1,1,1,1,1,1,1,1,1,NA,NA,1,1
"R_3MyBP6UQVJkPCcJ",1,1,1,-2,2,-1,2,2,-1,1,-1,-1,1,1,2,2,NA,NA
"R_tQjTJjbe2UjkVLH",2,-1,2,-1,2,1,2,-2,1,-2,-2,-2,2,2,-2,-2,2,-1
"R_2dsGd7fKhnmSY7q",0,0,2,1,2,-1,1,1,2,2,2,2,2,2,NA,NA,NA,NA
"R_1lyQcqq6CdRoPrm",1,2,1,-1,1,-2,-2,-2,1,1,1,1,1,1,NA,NA,1,1
"R_0dLmGExTPQ2mAEh",-2,1,1,1,1,-1,1,-1,-1,0,1,-2,-1,-1,NA,NA,NA,NA
"R_11XveO4jhyQ7psw",1,-1,0,-1,1,1,1,-1,-1,-1,-2,-1,1,1,NA,NA,1,1
"R_CfvlyFz4li7Pkm5",-1,-2,-2,-1,-1,-1,-2,-1,-2,1,-2,-1,0,-1,NA,NA,NA,NA
"R_2xEEVWlRB6lkw27",0,0,0,0,2,-2,-1,-1,0,0,1,1,1,-1,-1,-1,NA,NA
"R_1dbLkeHpgWF1zAY",1,1,0,-1,1,1,-2,-1,-1,1,1,-2,1,-2,2,1,NA,NA
"R_yqenkm3PqxoVRBv",0,0,-2,-1,0,0,0,0,1,1,1,1,-1,-1,-1,-1,1,1
"R_2QzUc51ZyBWJjtQ",1,2,1,-2,1,-1,-1,1,1,1,1,1,2,1,NA,NA,NA,NA
"R_3O0OgYPTnXaaFOu",1,-1,1,-1,1,1,-1,1,1,1,-2,-1,1,2,NA,NA,NA,NA
"R_3qr4td06HNgOXaO",1,1,1,1,1,2,1,1,1,2,1,1,2,2,NA,NA,2,-1
"R_cMbKOr2zYVRvytX",2,2,2,1,2,2,2,2,2,2,2,2,2,2,2,2,2,2
"R_1NwEgRm6nKg3i3j",1,1,1,1,2,-1,-1,-1,1,1,1,1,1,1,-1,-1,NA,NA
"R_82GsPW151ikcfAJ",0,0,0,0,0,0,0,0,0,0,0,0,0,0,NA,NA,NA,NA
"R_aeEf8DYUa2BJEYN",1,2,2,1,1,1,1,2,1,2,1,1,-1,1,1,2,NA,NA
"R_2upsoMKxjuOXA28",2,2,1,1,2,2,2,2,2,2,2,2,1,1,1,1,NA,NA
"R_2aY7dS3FvsOuAu0",1,1,-2,-2,1,1,1,1,1,1,1,1,2,2,1,1,-1,-1
"R_C22RUXMUjxHZBmN",1,1,2,1,2,1,1,1,2,2,1,1,2,2,1,2,1,1
"R_1LaUM8jaNIoevG9",1,1,0,0,0,0,1,1,1,1,-1,-1,2,2,NA,NA,1,1
"R_31Hn8xrpgiEpkLq",-1,-1,1,1,1,1,1,1,1,-1,1,-1,1,1,1,1,1,1
"R_3EirHLzY7SJOIsZ",1,1,0,0,1,1,0,0,1,1,1,1,0,0,2,1,-1,-1
"R_6R1VB63Kk9I9QT7",1,1,-1,-1,2,1,1,1,1,1,-1,-1,1,1,NA,NA,NA,NA
"R_3D888w7FqoCJ2IZ",1,-1,-1,1,1,-1,1,1,2,1,1,-1,2,1,NA,NA,2,2
"R_W9kxclOTO8WI2tP",0,0,1,-1,1,-2,-1,-1,1,1,2,2,1,-1,NA,NA,NA,NA
"R_udMz6QXoOyuASQh",1,-2,1,1,2,2,2,2,2,2,2,2,2,2,-1,-2,2,2
"R_3scASAlajhXmWXz",1,2,1,2,2,1,2,2,1,2,2,1,1,2,2,1,NA,NA
"R_3JmAcy09wbbkx1I",1,1,1,-1,1,1,1,1,1,1,1,1,1,1,1,1,1,2
"R_3dVXUfektOy2aRO",1,-2,1,1,1,1,1,2,1,1,2,1,1,-1,1,-1,2,2
"R_V3bHKLUH8qH11eN",2,2,2,-1,2,-2,2,1,2,2,2,2,2,2,2,2,NA,NA
"R_1MKARmhuAl3xenf",1,1,1,1,1,-1,1,1,1,1,1,1,1,1,NA,NA,-1,-1
"R_3MKXDTnissOWuuD",2,-1,2,2,1,1,1,1,2,2,1,1,2,2,2,2,2,2
"R_3ly2xZfD10hvXpj",2,2,2,2,2,1,-2,2,1,1,2,2,1,2,1,2,NA,NA
"R_1j7Bg1IAp5EDmDq",1,1,1,1,-1,-1,1,1,1,1,1,1,1,1,1,1,NA,NA
"R_3dRKIwAAkctBbak",-1,1,1,-1,1,-1,2,2,1,1,2,1,1,-1,NA,NA,2,2
"R_1CEzZwRf50eQTmE",1,1,1,1,1,1,1,1,1,1,-1,-1,1,1,1,1,1,1
"R_2c6kx6xW9EAyN8s",2,2,1,1,1,1,2,2,2,2,1,1,2,2,NA,NA,2,2
"R_2zApheAI5f9tveK",-1,-1,1,1,1,1,1,1,1,1,1,1,1,2,NA,NA,-1,-1
"R_1E6FdnDxoTdIUmR",1,2,1,-1,1,0,1,-1,2,2,2,2,1,-1,NA,NA,NA,NA
"R_2qz7mBJH22kz4Rv",0,-2,2,-1,2,1,2,2,2,2,1,2,2,2,2,2,NA,NA
"R_vDD0CACZrR0TTbj",-1,-1,1,-2,1,1,0,-1,1,1,1,1,1,1,NA,NA,NA,NA
"R_2YgZv0gjLDbPJ4s",1,1,0,-2,1,1,-1,1,1,1,1,1,1,1,-1,-1,-1,-1
"R_3P6r5Cz3JZswnGO",1,-1,1,1,1,1,1,1,-2,-2,1,1,1,1,1,1,1,1
"R_1M71Re22L91KN4X",1,1,2,2,-1,1,2,1,2,2,1,1,1,1,1,2,2,2
"R_3lM7RUXQ26hh6fs",2,2,2,1,2,2,2,2,2,2,2,2,2,1,NA,NA,NA,NA
"R_3G70nu2RmH8g4MW",-1,2,1,2,2,1,2,1,1,2,2,1,1,2,NA,NA,2,1
"R_3iqatLWiTWpSsRd",1,2,1,1,-1,-1,-1,-1,-1,-1,-1,-1,2,2,1,1,NA,NA
"R_1dN5rFsGgaSYNnd",2,1,2,-2,-1,-1,-1,1,-2,-2,2,2,2,2,2,2,NA,NA
"R_1ie932CBcgFFlYw",1,1,1,1,1,1,-1,-1,-2,-2,1,-1,2,2,NA,NA,1,1
"R_26fMwTK5OkgKp4d",1,1,1,-1,1,-1,-1,1,1,1,1,1,-1,-1,1,1,1,1
"R_2E47t2bRdlvVsyy",-2,0,-2,-2,1,-1,1,0,-1,-1,-1,-1,-1,-1,NA,NA,-2,-2
"R_2cq1J1fWkHBFS3L",0,-1,2,2,2,1,1,2,1,2,2,2,2,2,NA,NA,2,2
"R_2qxGf5kJEiEM69c",2,2,1,2,2,1,1,2,2,1,2,1,1,2,2,1,2,2
"R_2rGcLhiu9S3tMfu",1,1,1,2,-2,1,-1,1,1,1,1,1,1,2,1,2,1,2
"R_24NMVbeqCoEDC4h",1,1,2,1,2,2,0,0,1,1,1,1,1,1,1,1,1,1
"R_Q6LQ19KgMPdX1IZ",2,1,0,-2,1,-1,-1,-1,-1,1,1,1,2,2,NA,NA,NA,NA
"R_3h5BCTh3itaJREA",0,-1,-1,1,0,0,0,0,-1,-2,0,-1,0,0,NA,NA,NA,NA
"R_0wvGeSIZj1tFudX",1,-1,1,-1,1,1,-1,-1,1,1,1,1,1,1,NA,NA,1,1
"R_2R9ONEBNzQ3RHRY",1,1,1,-1,1,-1,1,1,-1,1,1,1,1,2,-2,-1,1,-1
"R_z6DNTwguXEslWnL",2,2,2,2,2,2,1,2,1,2,1,2,1,2,1,2,NA,NA
"R_2CvT1DP7mxRL5f3",2,2,2,2,2,1,1,2,2,2,2,2,2,2,NA,NA,NA,NA
"R_AyQj6Qa2Zxe61DX",1,1,1,2,1,2,1,1,1,2,1,2,1,2,2,1,NA,NA
"R_0OPLZoCVgslBvR7",-1,-1,-2,-1,-1,-1,-1,-2,-1,-1,1,1,-2,-2,1,-1,NA,NA
"R_2UixsudjdDfVwnC",-2,1,1,1,2,2,-2,-2,1,1,-1,-1,2,2,1,1,NA,NA
"R_2PnxXN4otM2YJRk",-2,-1,-1,-2,-1,-1,1,1,-1,1,-1,1,1,1,1,1,-1,1
"R_2EH8Uds8HhiRjEr",2,2,0,0,2,2,1,1,1,1,1,1,2,2,2,2,NA,NA
"R_2zD4Gvj8TpjTUYa",1,1,1,1,1,1,1,1,1,1,1,1,1,1,NA,NA,1,1
"R_paYz5ub3PVHUr8l",1,1,1,1,0,1,0,0,1,2,0,0,-2,1,1,2,NA,NA
"R_7VvqjWub9xmwiGd",1,-1,1,-1,1,1,-1,1,1,2,1,-1,-2,1,1,1,NA,NA
"R_yClPJMH4GfkY0XT",1,1,-1,-1,-1,-1,-1,-1,1,-1,-1,-1,-1,-1,-1,-1,NA,NA
"R_2SHmlRckyYzKeSr",2,2,1,1,2,-1,1,1,2,1,2,2,2,2,NA,NA,2,-1
"R_wTOSMEdPl9NmrW9",1,2,1,-1,1,1,1,1,1,-1,1,-1,1,1,2,2,NA,NA
"R_1BPYAQuWZKHXzQD",-1,-1,-1,-1,-1,-1,-1,-1,1,1,-1,-1,1,-1,NA,NA,NA,NA
"R_1MSQ8FFC6BOm1b8",2,2,1,-2,2,1,0,0,0,0,1,1,2,1,NA,NA,-2,1
"R_3qpXtZUo8Yp9JUi",1,1,1,1,1,2,2,2,2,2,2,2,2,2,NA,NA,2,2
"R_0ka3d96ZDGJDKOl",1,-2,1,2,1,-2,2,2,1,2,2,2,2,2,NA,NA,2,2
"R_1DqC3dT0WG3FDjA",1,1,1,1,1,1,1,1,-1,-1,-1,-1,2,2,NA,NA,1,1
"R_1gbRDRUQZ3IODjH",-2,1,-1,1,-1,1,-1,1,1,2,-1,1,-1,1,NA,NA,1,1
"R_25zn4G5zwHYjFNi",-2,1,1,1,-2,1,1,1,1,-1,1,-2,1,1,1,1,NA,NA
"R_3nHlSgpHTYvLVSw",1,1,1,1,1,1,1,1,1,1,1,-2,1,1,NA,NA,1,1
"R_vIGNIWmfIEIJduN",1,1,-1,0,-1,-1,-1,-1,-1,-2,1,1,1,1,NA,NA,1,1
"R_1kNwISuI5fcJwaf",2,2,2,2,2,2,2,2,2,2,2,2,2,2,NA,NA,2,2
"R_3ktT8vh21cPzTF9",1,1,-2,-2,1,1,-2,-2,0,0,1,1,1,2,-2,-2,-2,-2
"R_333Gy3ZKolqd2Dl",1,1,1,-1,1,1,1,1,1,1,1,1,1,1,1,1,1,-1
"R_Q0QMzlGa3PWVf0d",2,2,1,2,2,1,1,2,2,2,2,1,1,1,2,1,2,1
"R_3dLjGQGx6d0gO4Q",-1,-1,1,-1,1,1,1,1,2,2,-1,-2,-1,-2,NA,NA,-1,-1
"R_3Ldr3gYFJcpUcmf",-2,1,1,-1,0,0,0,0,-1,-1,0,2,-1,-1,NA,NA,2,2
"R_OpdGXcqkbRYXnJT",2,2,2,1,1,1,-1,-1,-1,-1,-1,-1,2,2,NA,NA,2,2
"R_2qs1e0u91qZQ2cY",1,1,1,-2,2,2,1,2,-1,-1,-1,-1,-1,1,-2,-2,-2,-1
"R_2PtxB4KW9GOyenz",2,-1,2,1,2,-1,1,1,1,2,1,1,2,1,NA,NA,2,1
"R_51MBXWGAVafiTpT",0,2,1,1,-1,2,1,-1,0,-1,-1,-2,1,1,NA,NA,NA,NA
"R_3MrL1bG2zGDXOV5",2,2,2,1,1,2,1,2,1,1,2,1,1,1,1,2,1,1
"R_25TrMV4O2ztdQ4p",1,2,1,-2,2,-1,1,-1,1,1,1,1,2,-1,NA,NA,NA,NA
"R_a5mDYptwbw6UK1H",1,1,1,1,2,2,1,1,1,2,1,2,1,2,1,2,NA,NA
"R_10DAV8YmqYSbWok",1,2,1,2,1,2,1,2,1,2,1,2,1,1,2,1,NA,NA
"R_2fxm4ILOA9yFlU7",1,1,1,1,1,1,2,1,1,1,1,1,1,1,1,1,1,1
"R_21ynuwPr1RcI9Vo",2,1,1,-1,1,1,2,1,1,1,1,1,2,2,NA,NA,2,2
"R_3qWBImkUmP18gGt",1,2,2,1,2,1,2,2,2,2,2,2,2,1,NA,NA,1,1
"R_3GDpXFGm0rEh8dv",2,2,0,0,2,2,-1,-1,0,1,0,0,2,1,NA,NA,1,-1
"R_3kHqDrJCjUrZmRm",1,1,1,2,1,-1,2,2,1,1,1,2,2,2,NA,NA,2,2
"R_8CdOnqKp4sQNFxD",2,1,1,-1,1,-1,-1,-1,1,1,-1,-1,1,1,1,1,NA,NA
"R_2QEwfMong47biiN",1,1,1,-2,1,-1,-1,-1,1,1,-1,-2,2,1,NA,NA,NA,NA
"R_1jHhiDV6cveY9FT",1,1,1,-2,1,-2,-2,-1,1,1,-1,1,2,-1,-1,-2,1,1
"R_vAKUdbRi3aQ1BxT",-1,1,1,2,-1,2,-1,1,-2,2,2,1,-1,1,NA,NA,NA,NA
"R_1d4x8Dyify3EQX8",2,2,-2,-2,-2,-2,-2,-2,2,2,2,2,2,2,-2,-2,NA,NA
"R_2uQl71GnYj84h7J",-1,1,1,1,2,1,1,1,1,1,1,1,-1,-1,NA,NA,NA,NA
"R_24bEUVrgXUylCwY",2,1,-2,-2,-2,-2,1,1,1,1,1,1,-2,-2,NA,NA,2,2
"R_3sKbaEchSKEjmcp",1,1,1,1,1,1,1,1,1,1,-1,-1,2,2,-1,-1,NA,NA
"R_aaP7yOCFUcZy2bf",2,2,2,1,1,2,-1,-1,1,1,2,2,2,2,-1,-1,-1,-1
"R_DvrQaph8BrrgxVv",-2,1,-1,1,1,1,-1,-1,1,1,1,1,2,2,NA,NA,2,2
"R_2wowC4xTxN7EBHD",1,1,1,-1,1,-1,-1,1,1,1,1,1,1,1,NA,NA,NA,NA
"R_3QKOzcfKQUcR2JN",0,0,0,-1,0,-2,-2,-1,-2,-2,0,-2,-2,0,NA,NA,NA,NA
"R_25ZrgCAF8eKFiUw",0,-1,1,1,2,2,-1,2,0,0,1,1,1,1,NA,NA,2,2
"R_8i6iYpW0GUniSpX",2,2,2,2,0,0,2,2,2,2,2,2,2,2,NA,NA,NA,NA
"R_27Cl7Mlpi2oe91m",1,1,1,-2,1,-2,-2,-2,-2,-2,-1,-2,1,-2,NA,NA,1,-2
"R_1qgHxHYg1qeZl2J",-2,2,-2,-2,-2,-1,-2,-1,-2,0,1,1,-2,1,-2,-1,NA,NA
"R_2eOs2iaNUXN6Vap",1,2,1,-1,1,2,-2,2,1,2,1,2,2,1,1,2,1,1
"R_1i27wrGovJEEjuu",1,1,1,1,1,1,2,2,2,2,2,2,2,2,NA,NA,2,2
"R_vSJNWXbVP6EgGqd",1,1,1,1,1,1,1,1,1,1,1,1,1,1,1,1,NA,NA
"R_2agHC9G1sMxWsZ7",-1,-1,0,0,-1,0,-2,-2,-1,1,-1,-2,-1,-1,1,-1,1,-1
"R_1q3vhsmRooumR6e",1,1,2,2,2,2,2,2,2,2,2,2,2,2,-1,-1,2,2
"R_z7rFGuQ5NktSL1D",-1,-1,-1,-1,-2,-2,1,1,1,1,-1,-1,-1,-1,-1,-1,1,1
"R_1M6D1Fcgqq3Lles",1,-2,-1,-2,-1,-2,-1,2,2,1,2,1,2,1,NA,NA,2,2
"R_10CK8olh0NSRAPc",1,1,2,-1,1,-1,1,1,2,2,-1,-1,2,1,NA,NA,2,1
"R_1MZnM2nkle65M5K",-1,-1,-1,-1,1,1,1,1,1,-1,2,1,1,2,NA,NA,1,1
"R_1Ooz7rM33iGUhW7",2,2,2,2,2,2,2,2,2,2,2,2,2,2,NA,NA,2,2
"R_2R2hQwlngegrnte",2,-2,-1,-2,2,2,1,1,1,1,1,1,2,2,NA,NA,2,2
"R_2f41F8G2dKurRI2",-1,-1,1,1,1,1,-1,-1,-1,-1,2,-1,-2,-1,-1,1,NA,NA
"R_2tqY5zJpJ39BKBR",-1,-1,1,-1,1,1,1,-1,1,1,1,-1,1,1,NA,NA,1,1
"R_27lmrtOYknHNpaE",-1,1,2,-1,2,1,1,2,2,2,1,1,2,2,1,1,-1,-1
"R_b1NGURrjgMrZyzT",2,1,0,-1,1,1,2,2,2,2,2,2,1,1,NA,NA,2,1
"R_5uWdLfrawHL5ZcZ",1,1,1,1,1,1,-1,1,1,1,1,1,1,1,NA,NA,2,2
"R_2v5O2tg7qMZ6PuI",2,0,1,1,1,1,1,1,0,1,1,1,1,1,1,1,NA,NA
"R_3CCzfiCW9GLQYKC",1,1,-2,-2,-2,-2,-2,-2,0,0,-1,-1,-2,-2,NA,NA,-1,-2
"R_3UCZeLuCYsOTuFP",-2,1,-2,2,0,1,-1,2,-1,1,-2,-2,-2,1,2,-1,NA,NA
"R_1ILstQk8Xj6Hl7b",-2,-1,-1,-1,1,-2,1,1,-2,-2,-2,-2,2,2,NA,NA,NA,NA
"R_3GctS3xTbUy3ZaI",1,1,-1,-1,-1,-1,1,1,1,2,1,2,2,2,NA,NA,NA,NA
"R_1IhLRCa14YlX03u",1,1,1,1,1,1,-1,-1,1,1,-1,-1,1,1,NA,NA,NA,NA
"R_x6jyQEoyCCXMIAF",-1,-1,-2,-1,1,1,1,2,1,1,-2,-1,-1,1,NA,NA,2,-1
"R_1zQa0sNkAyazUXf",-1,-2,-1,-2,-1,0,-2,0,-2,1,1,-1,1,-2,1,-1,1,-1
"R_3RqgQdG5QjXT7H5",1,1,1,1,1,1,1,1,1,1,1,1,2,2,NA,NA,NA,NA
"R_r8x3dFmY61bC62d",1,1,-1,1,1,1,1,1,1,1,1,1,1,1,1,1,1,1
"R_Z4S8VzSumv8Fi1z",-2,-1,1,2,-2,-2,1,1,2,2,2,-1,1,1,-1,-1,NA,NA
"R_PMMqkz2ioux9zNf",0,0,0,0,0,0,0,0,1,1,2,2,1,1,NA,NA,NA,NA
"R_3qUNvumKfiDWYi5",-2,-1,1,0,-2,0,-2,-2,1,1,-2,-1,0,1,-1,1,NA,NA
"R_1eQ6c64U2rMWUqe",-2,-1,-2,0,-1,-1,-2,1,0,-1,0,-1,2,-2,-2,-1,NA,NA
"R_2PCocVe19Q0omek",0,0,0,0,0,0,0,0,0,0,0,0,0,0,NA,NA,NA,NA
"R_2U5w2z3yNTyRaQj",2,2,2,2,2,1,2,1,2,1,2,-1,2,1,NA,NA,NA,NA
"R_2VwN9tjyMbVMmtg",1,1,-1,-2,-1,-2,-1,1,-2,-1,-2,-1,2,2,NA,NA,-1,2
"R_cw2hqGXo10N32WR",1,1,0,0,1,1,1,1,-1,1,1,1,1,1,NA,NA,1,1
"R_3eyKlFJ4lbKLFEU",-2,-1,-2,-2,0,-2,0,0,2,-2,-2,-2,-2,1,NA,NA,NA,NA
"R_3JlSdUiWM35jyNe",1,1,-1,1,1,1,-1,-1,0,0,0,0,1,1,NA,NA,1,1
"R_ykZglD2dg0QgEHT",2,2,2,2,2,2,2,2,2,2,2,2,2,2,NA,NA,NA,NA
"R_3HqAgQUKzs4zU0x",2,2,2,-2,2,-1,2,1,2,2,2,1,2,-1,-2,-2,NA,NA
"R_29b87q9MRovGltm",2,1,0,0,0,0,0,0,2,2,-1,-1,2,-1,NA,NA,NA,NA
"R_1kSThr1LKEnkY4Z",1,1,1,-2,1,1,1,1,1,1,2,-1,1,1,NA,NA,NA,NA
"R_1GB2f22ivy22fDq",0,-2,1,1,1,1,1,1,1,1,0,0,1,1,NA,NA,NA,NA
"R_2BrGnkVL0bM0nmJ",1,1,-1,-1,-1,-1,-1,-1,1,1,1,1,1,1,NA,NA,NA,NA
"R_2Pi33kTkoh5q6cG",2,2,2,2,2,2,2,2,2,2,2,2,2,2,NA,NA,2,2
"R_xE3snrlNhyHjj2x",1,-1,1,-1,1,-1,1,1,1,1,2,1,1,1,-1,1,NA,NA
"R_eG9wrTFqDEa3CzD",1,-1,-1,-1,-1,-1,-1,-1,-1,-1,1,-1,1,1,1,1,1,1
"R_WCWRD7yfV8CSvDz",1,1,2,1,1,1,1,1,1,1,1,1,1,1,1,1,NA,NA
"R_3hEdt9tlkQLktUK",2,2,2,2,2,2,2,2,2,2,2,2,2,2,NA,NA,2,2
"R_3hllDZGRGHRnHIU",1,-1,0,0,1,1,1,1,1,1,1,1,1,1,NA,NA,NA,NA
"R_3sYYUtT83xp9qtH",1,1,1,1,-1,1,1,1,1,1,1,1,1,-1,1,2,NA,NA
"R_2rYFzwDDzWxT1Gz",1,1,0,0,1,1,0,0,1,1,1,1,1,1,-1,-1,1,1
"R_1j7Luyj0QY375zg",1,1,1,1,1,1,-1,1,1,1,1,1,1,1,1,1,NA,NA
"R_2q4twyuKFBCYOQi",-2,-2,2,-2,2,-1,-2,-2,1,1,-2,-2,2,2,NA,NA,NA,NA
"R_2EAykKmf5yjxzHC",-2,-1,-1,-2,1,-2,-1,1,-1,1,-1,2,-1,2,NA,NA,NA,NA
"R_Wc8K0bTS0tc5SI9",2,1,1,2,1,2,1,2,2,1,1,2,2,1,1,2,2,2
"R_1gw4vvyybwamjQD",1,1,1,-1,1,1,1,1,1,1,1,1,1,1,NA,NA,NA,NA
"R_1oC53vOK3JNWVdo",1,-1,-1,-1,-2,-2,-2,-1,-2,1,-2,-2,-2,-2,1,-1,-1,2
"R_1dGOWcS0BkRBILA",-1,-2,-1,0,-1,-2,-1,-2,-2,-2,1,2,1,2,NA,NA,1,1
"R_8q46Fjd6jwnukgh",0,0,0,0,0,0,0,0,0,0,0,0,0,0,NA,NA,NA,NA
"R_DofObyXbhkxUsuZ",0,1,1,1,1,2,1,1,1,1,1,1,1,1,NA,NA,1,1
"R_1dGjlDSJv2i8j7U",1,-2,0,0,1,-1,1,1,0,0,1,-1,1,1,NA,NA,NA,NA
"R_8BUgCMP34wvlOVz",0,0,0,0,0,0,0,0,0,0,0,0,0,0,NA,NA,-2,2
"R_2CppLeFVRDgczfT",1,1,-1,-1,1,1,1,1,1,1,1,1,1,1,-1,-1,NA,NA
"R_1dH0COwvLHWHB3J",-1,-1,1,1,1,1,-2,-2,-2,-2,-2,-2,1,1,-1,-1,-1,-1
"R_3fT3gvwV22togyt",1,2,1,-1,2,2,1,1,0,1,2,-2,1,1,-1,-2,NA,NA
"R_1ieBYckpE3oHxhj",1,1,1,1,1,1,1,1,1,1,1,1,1,1,NA,NA,1,1
"R_2uQAYDukDtEKaun",1,2,1,-2,2,2,2,1,2,2,2,2,2,2,NA,NA,NA,NA
"R_1fdaAEGThV9k0KN",-1,1,-1,-1,1,1,1,-2,1,2,1,1,1,1,1,1,NA,NA
"R_pyErTIkIoh9nrup",2,1,2,-1,0,0,1,1,1,1,2,2,1,1,-1,-1,-1,-1
"R_3snMA9azilQUQkz",0,0,0,0,0,0,-2,-2,-2,-2,-2,-2,-2,-2,NA,NA,-2,-2
"R_3Gd0ryI8dLFPgLJ",1,-1,0,0,0,-1,1,1,1,1,1,1,1,1,NA,NA,1,-1
"R_324sp3cRIwADOxY",2,2,1,1,2,2,-1,-1,2,2,2,2,2,2,NA,NA,NA,NA
"R_3nH1iteDnSY6TwV",2,2,2,1,2,2,1,2,2,2,2,2,2,2,2,2,2,2
"R_3lsRyOGDdD6Ymjf",1,1,2,2,2,2,1,1,2,2,1,2,2,2,2,2,1,1
"R_Z4E20As7awNBpOp",1,1,-1,1,1,1,1,1,1,1,1,1,2,2,NA,NA,NA,NA
"R_3pAAVwfaBdBboY1",-1,-1,-1,-1,-1,-1,1,1,-1,-1,1,1,2,2,-1,-1,1,1
"R_Ah9OjMJ12gwixTX",1,1,-1,1,2,1,1,2,-1,-1,-2,-1,1,2,1,-1,2,2
"R_3Rf10FliW7nQ2rc",1,1,1,1,1,1,1,1,1,1,1,1,2,2,NA,NA,NA,NA
"R_21zkjU6voEsxltF",1,1,1,1,1,1,1,1,1,1,-1,-1,2,1,NA,NA,1,1
"R_vYp4NLRMkfL99PX",-2,-2,1,-2,1,1,-1,1,-1,-1,-2,-2,1,1,NA,NA,-1,1
"R_pMXTy6l9B7mYVtT",1,1,1,1,1,1,-1,1,1,1,1,1,1,1,NA,NA,1,1
"R_2dXg1yd4iE2gTRz",1,-1,2,-1,2,1,-1,-1,1,1,1,1,2,2,NA,NA,1,1
"R_BEduTc3N10xY16p",1,1,0,0,1,-1,1,1,-1,1,-1,1,2,2,1,1,2,2
"R_3qVdPZ5sP6JwEVq",-2,-2,-2,-2,-1,-2,-1,-1,1,1,-2,-2,1,1,NA,NA,NA,NA
"R_beyAcVjZn1EJOz7",0,-2,2,-2,-2,1,1,-2,-2,1,-2,-2,1,-2,1,-1,NA,NA
"R_SNqBraePn9yKBxv",1,1,1,1,2,2,1,1,1,1,-2,2,1,-2,NA,NA,NA,NA
"R_2ANh3ccnUTRzrfE",0,-2,0,0,0,0,0,0,0,0,0,0,0,0,-2,-2,-1,1
"R_1eIxsaNUPJdGvai",-2,-2,-2,-2,1,1,1,1,1,1,1,1,1,1,NA,NA,NA,NA
"R_tErjkCloDaLXD9v",2,1,2,1,2,1,1,1,-1,1,-1,1,2,1,NA,NA,NA,NA
"R_2TSGvCSjBX4Zs9b",-2,0,1,1,1,-2,-1,-1,-1,-2,-1,-1,2,-1,-1,-1,NA,NA
"R_3HXG8uXtiS6jwjK",2,2,2,-1,2,-1,2,2,2,1,2,2,2,1,NA,NA,2,1
"R_10NKvN7M6Ye54oY",2,2,2,1,-1,1,1,-1,1,1,1,1,2,2,NA,NA,NA,NA
"R_2rB1X6jGV9VsnCh",2,2,2,1,2,1,-1,1,1,1,1,-1,2,1,NA,NA,NA,NA
"R_2y25rECo9Bm363q",2,2,0,-1,0,-1,1,1,-1,-1,-1,-1,1,1,NA,NA,-2,2
"R_3LgObVPeoKAYkwR",-2,-1,1,1,1,1,1,1,2,2,1,1,2,2,NA,NA,2,2
"R_1HsH8Q5UwLFRKEh",-2,-1,-2,-1,-1,1,-2,1,0,2,-2,1,-1,1,NA,NA,1,2
"R_1Xq9kX4zsWLrSCt",1,1,1,1,1,1,1,1,1,1,1,1,1,1,NA,NA,1,1
"R_1BPgLKjUa4i90Rd",2,2,1,2,2,1,2,2,2,2,2,2,2,1,2,2,NA,NA
"R_2CWeJeaWZLIRlL9",1,1,1,1,1,1,1,1,1,1,1,1,2,2,NA,NA,1,1
"R_1QmZr5WE05koIwx",-1,-1,0,0,1,0,1,1,1,1,1,1,2,2,1,1,1,1
"R_bgwXLZYB1wtCO9H",2,-1,1,1,1,1,2,1,1,1,2,1,2,1,NA,NA,NA,NA
"R_1EbzhzZCnRVJsz5",-1,-2,1,-2,-2,1,-2,-2,1,1,-1,-2,1,-1,NA,NA,1,-1
"R_2ByBwMmm19qiy7M",2,1,2,1,2,1,2,1,2,1,2,1,2,1,1,2,2,1
"R_3OdJGIKhshtWpIT",-2,0,0,-2,0,0,-1,-1,-2,0,-2,-2,-2,-2,NA,NA,NA,NA
"R_31N3Uum99zHG39A",2,1,2,1,2,-1,2,1,2,1,2,1,2,-1,2,1,2,1
"R_2Vy8zzGPpZMpj72",1,1,1,1,1,1,-1,-1,1,1,1,1,1,1,NA,NA,1,1
"R_1fcFNKFElfwCQWQ",-2,-2,1,-1,1,0,0,1,1,1,1,1,1,1,NA,NA,1,1
"R_eKT7wvCQb5cU6WZ",-2,-2,-2,-2,1,1,1,1,1,1,2,2,1,1,1,1,2,2
"R_3HiX9c7SfmGtX7z",0,-1,1,1,1,1,2,1,1,1,2,1,1,1,NA,NA,1,1
"R_27Qmu7aulPSTXCQ",2,2,1,1,1,-1,1,1,1,1,1,-1,1,1,1,1,1,1
"R_T0khiml8iO23LmF",-2,-2,1,1,1,1,2,2,-2,-2,-2,-2,1,1,NA,NA,NA,NA
"R_tRsyTjVdldm8IU1",1,1,-2,-2,1,-1,-2,-2,1,2,-1,-1,-1,-2,NA,NA,NA,NA
"R_RWtz8LwVG74kUg1",2,1,2,1,2,2,2,2,2,1,1,1,2,2,NA,NA,2,2
"R_2QEVd6lernbI1dM",2,1,2,2,2,2,2,2,2,2,2,2,2,2,NA,NA,NA,NA
"R_3QJmzbBdM22qLsa",1,1,1,1,1,1,1,1,1,1,1,1,1,1,NA,NA,NA,NA
"R_1gMvudPoVlpEARb",1,1,1,1,2,2,-1,1,1,1,1,1,2,2,NA,NA,1,1
"R_DAGOjeGqNsGqPxD",-1,1,-1,-1,1,1,-1,1,2,2,1,1,1,1,-1,-1,NA,NA
"R_3rPr7HHipCQZUSx",2,1,1,1,1,1,1,1,2,2,1,2,1,1,NA,NA,2,1
"R_1DY0i4m6u3ZQBPi",2,1,2,1,2,2,1,2,2,1,2,1,2,1,2,1,2,1
"R_8f5uspq37oNsPGp",2,1,1,1,1,1,-2,-2,1,2,1,1,2,2,NA,NA,2,2
"R_246Oz2iNiyKmeIS",1,-1,-2,-2,2,2,-1,-1,1,1,1,1,2,2,NA,NA,2,2
"R_2qauUZiRiBtlSGn",-1,1,1,-2,2,-2,1,2,-2,-1,2,2,2,2,NA,NA,2,2
"R_6PAVgPjsWEDbcMp",-1,-2,0,1,-2,0,-2,-2,1,1,-1,-1,2,-2,NA,NA,2,2
"R_8cRwfUk2ZCZKLg5",0,0,-2,-1,-1,-1,1,1,2,2,2,2,-2,2,NA,NA,-2,2
"R_3g5ADrOv6wTvOOl",1,1,-1,-2,1,-2,-1,-1,1,1,1,1,1,1,NA,NA,2,1
"R_3rSxOdMAd2YmiIq",1,1,0,0,0,0,1,1,1,1,1,1,-1,-1,-2,-2,NA,NA
"R_5Kct10oo1Pwfx2p",2,2,2,-1,2,2,1,2,2,2,2,2,2,2,2,2,2,2
"R_6NmNbhrU17SZFtc",2,2,1,-1,1,1,1,1,2,2,1,1,1,1,-1,-1,2,1
"R_7CBOoj1A16bxigc",1,1,1,-2,0,0,-1,2,1,0,1,1,2,1,NA,NA,2,1
"R_3B0CvAWYoiOf3gJ",1,1,1,1,1,1,0,0,-1,-1,-1,-1,1,1,NA,NA,1,1
"R_7wt1STIZBEIu6bL",-2,0,0,-1,1,1,1,1,1,-1,1,-2,1,1,NA,NA,1,1
"R_74JfUeWc9ADiGaR",1,1,1,-1,0,0,1,1,1,1,0,0,1,1,NA,NA,NA,NA
"R_5lQQNvecWLpoVBe",1,1,1,-1,-1,0,-1,-1,-2,-1,-1,-1,-1,-1,NA,NA,NA,NA
"R_65mc4QbroUnu8Xn",2,1,1,-1,2,1,1,1,1,1,1,-1,1,1,NA,NA,2,2
