ResponseId,loss_gain_1,loss_loss_1,loss_gain_2,loss_loss_2,loss_gain_3,loss_loss_3,gain_bias,loss_bias,loss_aversion_scores
R_zczgBPG9N3bxntn,1,0,0,1,1,1,2,2,4
R_26a3XAqQyCoTWSv,1,0,1,1,1,1,3,2,5
R_3qCqhAXSRjN4vhV,0,1,0,1,0,1,0,3,3
R_3KBbU5hptLMCoA4,0,0,0,1,0,0,0,1,1
R_10T8ei4ZStQ3amq,0,1,0,0,1,0,1,1,2
R_3J9rOKUFchdlmDf,0,1,0,0,0,0,0,1,1
R_0qSdw7DniJSW4qR,1,1,0,1,1,1,2,3,5
R_3hGzVfxA3AkocFb,1,0,0,1,1,0,2,1,3
R_2fJbvtAFvztWXYO,1,0,0,1,1,1,2,2,4
R_1CdpUkNDE2g6PIY,0,0,0,0,0,0,0,0,0
R_1rwDCNriljtLP8m,1,0,1,0,1,0,3,0,3
R_2tncSn6qSA4p9dL,1,0,1,0,1,0,3,0,3
R_xsc8lfOSGu0KPyF,1,1,0,1,0,1,1,3,4
R_z72uXT6GUcfMPEl,0,1,0,1,0,1,0,3,3
R_3rZkqqPScmzK8Bl,0,1,0,1,0,1,0,3,3
R_1gqLzgIKYGiTvUE,1,0,1,1,1,1,3,2,5
R_25F0SjKzmPxCsWD,1,0,0,0,1,1,2,1,3
R_8k9EmMegYsu9Rzr,0,0,1,0,1,0,2,0,2
R_2RVzIZPjmwuGYYY,1,1,1,1,1,1,3,3,6
R_1CwQI9YjRM4zFAF,0,1,0,1,1,0,1,2,3
R_2SrB5mifRxPmhsf,1,0,1,0,1,0,3,0,3
R_21dl9pe3yJwOwqA,1,0,1,0,1,0,3,0,3
R_2bWac1uvr7y7FiJ,0,1,0,0,0,0,0,1,1
R_2DU23rin1S1VzIH,0,1,0,0,0,1,0,2,2
R_2e2NBFV40quAK7V,1,1,0,1,1,1,2,3,5
R_31yFoUlvK8Gwx8M,0,1,0,1,1,0,1,2,3
R_1opqS5hEVQL2YjG,1,1,1,1,1,1,3,3,6
R_3fZBI8NfNoiBeZa,1,0,0,0,1,0,2,0,2
R_e3Rsa5AEsMYwBSp,1,1,0,0,0,0,1,1,2
R_1rCEBx1rk0ItD7X,0,1,0,1,0,1,0,3,3
R_2feORDa9ikrsTen,1,1,0,0,0,0,1,1,2
R_0GLmoIGHCDqBj2x,1,0,1,0,1,0,3,0,3
R_6nuw3AVEtEUexb3,1,0,1,0,1,0,3,0,3
R_1nNOCTSnJ32h0G7,1,1,1,1,1,1,3,3,6
R_2QYQAKaxMQW6v9O,1,0,0,1,1,0,2,1,3
R_Rh06tI1mGK8ZLih,1,1,1,0,1,0,3,1,4
R_27lYY6dh2sghbYA,1,0,0,1,1,1,2,2,4
R_3huRhxWlESwXyJj,0,0,0,0,0,0,0,0,0
R_9ppzNADuerHN1xT,1,1,0,1,1,1,2,3,5
R_1Lp3lD2rdEQzjaI,1,1,1,1,1,1,3,3,6
R_2rO46kuRMPUV9KM,1,1,1,0,1,1,3,2,5
R_333UnygoY9ZTfrm,0,0,0,0,1,1,1,1,2
R_3EJNGC5AhHFyWU4,0,1,0,0,1,1,1,2,3
R_33kz2NBIrySq4B0,1,0,0,0,0,1,1,1,2
R_3Jgaa3m3GYOHUyS,1,1,0,1,1,1,2,3,5
R_3ManUcvTA4jpag9,1,1,0,0,0,1,1,2,3
R_31A7BM2Kt8QlAnZ,0,0,1,0,1,0,2,0,2
R_3qVwuUdZ00Z8hur,1,1,1,1,1,1,3,3,6
R_W1IKBABCUxbWo9P,1,1,0,1,0,1,1,3,4
R_2tul0RenZWd2kKN,1,1,0,0,1,0,2,1,3
R_8qRLvQaSc9Fw04p,1,1,0,0,1,1,2,2,4
R_PwIK79RIwPpXm7v,1,0,0,1,1,0,2,1,3
R_3h53BIIujDFd1u0,0,1,0,1,0,1,0,3,3
R_3qq9p7LXUmfHEOr,0,0,0,0,0,1,0,1,1
R_3MJTfnaBf3oBrjz,1,0,1,0,1,1,3,1,4
R_27CJXihxMb01yMg,1,1,0,1,1,1,2,3,5
R_rdSbMdAhltkwIuJ,1,1,0,0,1,0,2,1,3
R_1mODdiN44OODwVN,1,0,1,0,1,0,3,0,3
R_3MSyfKG0UDU11Fp,1,0,1,1,1,1,3,2,5
R_3MKKmtK8VzxOCT6,1,0,0,0,1,1,2,1,3
R_3Hq456EJdol0ai6,1,0,0,1,0,0,1,1,2
R_sBdoeztIDmW4K5j,1,0,0,0,1,0,2,0,2
R_eDlP8PBy8NNKg7f,1,1,1,0,1,1,3,2,5
R_3P78Eh9DNtx2kft,0,1,0,1,1,0,1,2,3
R_1CD5oJIEmrTpTYk,1,0,0,0,1,1,2,1,3
R_3JgGnFqaHqnMe9M,1,0,1,1,1,1,3,2,5
R_3LjTKWtjPBf0E87,0,1,0,1,0,1,0,3,3
R_2zY0IdOYeYfLEUb,1,1,1,0,1,0,3,1,4
R_3kcAimGSWdBZYni,0,1,0,0,1,0,1,1,2
R_1pMVYqWAPSg8bAf,0,1,0,0,0,1,0,2,2
R_2rp82fh9EkJRqll,1,0,1,1,0,1,2,2,4
R_301Yu6iSwyrtoMY,1,0,1,1,1,1,3,2,5
R_Zqqp7IoztaDdWcF,1,1,0,1,1,0,2,2,4
R_3q9WmOQyQYLN7op,0,1,0,1,0,1,0,3,3
R_1eVQ9CJGd784GSD,0,1,0,1,0,1,0,3,3
R_31AcDfcScq0yfm0,0,1,1,1,0,0,1,2,3
R_xzKOOwIsVQPiFmF,1,0,1,1,0,1,2,2,4
R_AG6QBuRIAffVdND,0,1,0,1,0,1,0,3,3
R_3DooCeilTUvpFUM,1,0,1,0,1,0,3,0,3
R_1gbZTxN55LbKKHv,1,0,0,1,1,1,2,2,4
R_W0Zq0aBn83bNA6R,1,0,0,0,1,0,2,0,2
R_PIEwU8UZqDcmAnL,1,0,1,1,1,0,3,1,4
R_3iWFKZzL8d8rDaQ,0,1,0,0,0,0,0,1,1
R_0oclVB8OG7HxJiF,1,1,0,1,0,0,1,2,3
R_3IQMkhDgrl7JMQP,1,0,1,0,1,0,3,0,3
R_1GWfWcq0dIaTPWH,1,0,1,1,1,0,3,1,4
R_1lizr0M9rvCIPL4,1,1,1,0,1,1,3,2,5
R_3PpnXdvqGFd29oz,1,1,1,1,1,1,3,3,6
R_CgllEr2b13ilDxf,1,1,0,0,1,1,2,2,4
R_1I5iZcdfmz8IunP,0,0,0,1,0,1,0,2,2
R_1MMAwn8FPHP0INS,0,1,0,0,1,1,1,2,3
R_2YgHOr6ab6Gg76b,1,1,0,1,0,1,1,3,4
R_1LBz2C13liSpDRW,1,1,1,0,1,0,3,1,4
R_3D0B1JxxEtJu69g,1,0,1,0,1,0,3,0,3
R_1Cyx0VawqRlyAR4,1,1,0,0,0,0,1,1,2
R_2Y9PBaBjpycofNG,0,1,0,0,0,1,0,2,2
R_rq060ZX2r36odX3,0,1,0,0,1,1,1,2,3
R_1gFolUISTof0Qr4,1,0,1,0,1,0,3,0,3
R_vuU46j3clfJxaG5,1,1,0,1,1,1,2,3,5
R_2VR98KZV0mEFsr3,0,1,0,1,0,1,0,3,3
R_vDnhuEhtbKkc24x,1,0,0,1,0,1,1,2,3
R_21dlqm2GbyWtxrz,1,0,1,0,1,0,3,0,3
R_WqbbOqHSzUTVhEB,0,0,1,1,1,1,2,2,4
R_1jHSNMZl8ucerVU,1,1,1,1,0,1,2,3,5
R_4MmYYqD6xJrKXQt,0,1,0,1,0,1,0,3,3
R_WdKZtpXdAdiPesp,0,1,0,0,1,0,1,1,2
R_2QKHhAMSZ9HbkEq,1,1,1,1,1,1,3,3,6
R_DCsQtAB9cvJ4R5D,1,0,1,1,1,0,3,1,4
R_122VBh160LfMSmw,1,1,0,1,0,1,1,3,4
R_2PzDGk6OEIe8evQ,0,1,1,1,1,1,2,3,5
R_1eS1dAVNeO8b3En,0,0,0,1,0,1,0,2,2
R_2flFpWD25Ft6YC9,1,0,0,0,0,1,1,1,2
R_31ctcRRSz9FJk2v,1,1,0,1,1,1,2,3,5
R_2Ezsy3MNF6QVAbP,0,0,0,1,0,0,0,1,1
R_AmS1Y9XerPsx3i1,1,1,0,1,1,1,2,3,5
R_23dIw7XF30RC2mV,0,1,0,1,0,1,0,3,3
R_3NVzM2IRaLuhsVu,1,1,1,0,1,1,3,2,5
R_WoLDZBz8OEDPPdT,1,0,0,1,1,0,2,1,3
R_Or3HBaBPw2rgO1b,0,1,0,1,1,0,1,2,3
R_28ZJSTwnShdD9Kk,0,1,0,0,1,1,1,2,3
R_1kNs2TzgEf2Yjv1,1,1,0,1,0,1,1,3,4
R_2f1ikdBAuwt7A5n,0,1,1,0,1,0,2,1,3
R_2sn0JvGRBEnW8gx,0,1,0,1,0,1,0,3,3
R_1ozQ5DmmaFiT9Fj,1,0,1,0,1,0,3,0,3
R_2ZUkZ1fZrlgfP3T,1,1,0,0,0,1,1,2,3
R_0uZgT1R6o8dxHFv,1,1,1,0,1,1,3,2,5
R_1NmNl0jkHaWkkcs,0,0,1,0,0,0,1,0,1
R_2PzeOoTBhiqfnyx,1,1,1,1,1,1,3,3,6
R_6tUuxYTGSf4jCaR,0,0,1,0,1,1,2,1,3
R_eECSozKjXCwfDbP,1,1,0,1,1,1,2,3,5
R_2z70McjBa7vVPUM,1,1,0,0,1,1,2,2,4
R_BLBFeg3HLeO9Hz3,0,1,0,0,1,1,1,2,3
R_OwLaRZnrmACeU93,1,0,1,0,1,0,3,0,3
R_3Gdm6O9Acdfe3Sm,1,1,0,0,1,1,2,2,4
R_3nctB3JIIZNh5Pz,1,0,0,0,0,1,1,1,2
R_2zw5rihrVPD8XwJ,1,0,1,0,1,0,3,0,3
R_ysgNEmdg4iRFTk5,1,0,0,0,0,1,1,1,2
R_yPkSgpYVgZZFunf,1,0,1,0,1,0,3,0,3
R_V4GzvZ5ySuNiC2J,0,1,0,1,0,1,0,3,3
R_OJ1EyQR44u1kcM1,0,0,0,0,0,1,0,1,1
R_3Kwq2nPsl4od3aW,0,0,0,0,1,1,1,1,2
R_3CBJHdZ5xRLzpOX,1,1,1,1,1,1,3,3,6
R_2qgtpLK0fEPFu92,1,1,0,1,0,1,1,3,4
R_NVcunyTCkfoqtWN,1,1,1,1,1,1,3,3,6
R_SJnjHPOIeE8xO7f,1,0,1,0,1,0,3,0,3
R_3NJycQoHiLjS28b,1,1,1,1,1,1,3,3,6
R_3KMxYjTgLWQBV1H,1,0,1,0,1,0,3,0,3
R_32UPcvem08DwMFh,1,0,1,1,0,0,2,1,3
R_1ookOBrSNkB5hRk,0,0,0,0,0,0,0,0,0
R_3hFlOYRXwSmTbql,1,0,1,1,1,1,3,2,5
R_3kdmwQFtJIlMyyh,1,0,0,1,1,0,2,1,3
R_z5Ms57bYLdixnVv,0,1,1,1,0,1,1,3,4
R_1C3omrxbhxLdKRe,0,1,0,1,0,1,0,3,3
R_2eaF15bXrM69J6P,1,0,1,0,1,0,3,0,3
R_3O7IfQvFn4R31OM,1,0,0,0,1,1,2,1,3
R_6s4z4Bz6GbUhTzj,0,1,0,1,0,1,0,3,3
R_qPluoayIxtAaE9z,0,0,0,1,0,1,0,2,2
R_sS7pvDizY98NJTz,1,0,1,0,1,1,3,1,4
R_2azYymCu5m1Fe8X,0,1,0,1,1,1,1,3,4
R_10YMlQrMEfbpmSC,0,1,1,0,1,0,2,1,3
R_3lrWUgzMLL5frdU,1,0,0,0,1,1,2,1,3
R_3EcHA1iLGa3QU87,1,1,1,1,1,1,3,3,6
R_3fBFMJR6nEXWTJU,0,1,0,0,0,1,0,2,2
R_3fHO9vMi5v2Jy1E,1,1,0,0,1,1,2,2,4
R_b7ue0n3VttLQZ8J,0,1,1,0,0,1,1,2,3
R_3HUKmDYVP3oB1OW,1,0,1,0,1,0,3,0,3
R_3m2UDjJSpomgIBT,1,0,1,0,1,0,3,0,3
R_3nrBNPcUA9VWLS1,1,1,0,0,1,1,2,2,4
R_1OkliczbYbSw9DG,1,1,0,1,1,0,2,2,4
R_2OJzVC74Wh9V97N,1,0,1,0,1,0,3,0,3
R_2uyrJwNYiKvOtr0,1,0,0,1,1,0,2,1,3
R_8ADhzIb03iI81ix,0,1,0,1,0,1,0,3,3
R_1H5I2J1XfuxxiVt,0,0,0,0,0,0,0,0,0
R_2CJuwGyutXUuPyy,1,1,0,0,1,1,2,2,4
R_1q7C3HrSs07ZLBu,1,0,1,0,1,0,3,0,3
R_tRLbbeaA9yKLDTH,1,0,0,1,1,0,2,1,3
R_0fF6nFXyIQNBQSR,1,1,1,1,1,0,3,2,5
R_1pt9ZIZ8wGpCIRC,1,0,1,0,1,0,3,0,3
R_1hGc2c0Hfw1lr1f,1,1,1,0,1,0,3,1,4
R_3Eu9TUEJZ5PiJlN,0,0,0,0,0,0,0,0,0
R_2SdH30bypgtKBKO,1,0,1,0,1,1,3,1,4
R_1duwIJbLb2HZUzS,1,0,1,0,1,0,3,0,3
R_1rAmJcr29tT8Kyx,1,0,0,0,1,1,2,1,3
R_etzA6qAPq3twCuR,1,1,1,1,1,1,3,3,6
R_2Ea9xUrmUQtexP6,1,0,1,0,1,0,3,0,3
R_2QFEFSJgZqIZU03,1,0,0,1,1,0,2,1,3
R_2qeq88h3D7XuVm9,0,1,0,1,1,1,1,3,4
R_XZEE09SoYdkP71v,1,0,1,0,1,0,3,0,3
R_D0Pu7KMWRJPaK5j,1,1,1,0,1,1,3,2,5
R_28ZAxI5XkYBn6YV,1,0,1,0,1,0,3,0,3
R_1Eg0J2rMTfvr1HZ,1,0,1,0,1,0,3,0,3
R_1lgWkrstOtinsvy,0,1,0,0,0,0,0,1,1
R_1pEX6KsmQJXHNTD,1,0,1,0,1,0,3,0,3
R_2VfF5QtAt5Px4vE,1,0,0,1,1,1,2,2,4
R_1IK997BkJhMR2Mf,1,1,1,0,1,0,3,1,4
R_2TnqDq26V6hQpub,0,1,1,1,1,1,2,3,5
R_2zdrtwuPWESmpSw,0,1,0,0,1,1,1,2,3
R_3gTT3MPWEWonaVB,1,0,1,0,1,0,3,0,3
R_5jUnKHVoPNF6ppf,1,1,0,0,1,0,2,1,3
R_3hGTVIZ4gMEHozJ,1,0,1,0,1,0,3,0,3
R_1NrDSk7z88pd5dQ,1,0,1,0,1,0,3,0,3
R_tSzllTb4RgrBCtr,0,0,1,1,0,1,1,2,3
R_vdFagimk9cjImQ1,1,0,1,0,1,1,3,1,4
R_1hAtZuCIaLE52xN,1,1,0,1,1,1,2,3,5
R_3M5xwYDaGxcpJ8q,0,1,1,0,0,0,1,1,2
R_30xjTf5X7J0QMS8,1,0,1,0,1,1,3,1,4
R_1hLsYkjPudThDtj,1,0,1,1,1,1,3,2,5
R_T6CF8CBEUE9Juk9,1,1,1,0,1,1,3,2,5
R_1mqGS13Z9hMxzVR,1,1,1,1,1,1,3,3,6
R_3kbHuzglTGmmXkC,1,0,0,0,1,0,2,0,2
R_22X2Y40eT2j1eVm,1,0,0,0,1,1,2,1,3
R_3ktv20pERjdTPpY,1,1,1,0,1,0,3,1,4
R_33fE8wGHWV7erfo,1,0,1,0,1,0,3,0,3
R_cVhuSZvTBo4P54d,1,0,1,1,1,1,3,2,5
R_41lfB1UmIlxX8s1,1,1,0,0,1,0,2,1,3
R_C14GsJjOnx1Bpzr,1,0,0,0,1,1,2,1,3
R_RF5QcB2VJnqLgWJ,1,1,0,1,1,1,2,3,5
R_2EmgZ3YUeoq7oOl,1,0,1,0,1,0,3,0,3
R_2U2XjMqLWiVakG6,1,1,0,0,0,1,1,2,3
R_1TinlaQlMbiDlcZ,1,0,1,0,1,1,3,1,4
R_1H6xnZvPxbcTlEl,0,1,0,1,0,1,0,3,3
R_bOaGpEpSMEcxh29,1,1,0,0,1,0,2,1,3
R_2DP6feiPVRYHNlM,1,1,1,1,1,1,3,3,6
R_25KGPn3dELBUH7S,1,1,1,0,0,0,2,1,3
R_1DzJASQOXieylEd,1,1,0,1,0,0,1,2,3
R_3dDGO7FoHayPdq2,1,0,0,0,1,1,2,1,3
R_2v07bp4gkDzry9G,1,1,1,0,1,1,3,2,5
R_3m4S1ZDHnujnPtz,1,1,0,1,1,1,2,3,5
R_2q1LNkG4H1DPgmQ,1,1,1,1,1,1,3,3,6
R_3hsFYKO9vv0QMMf,1,0,0,0,1,1,2,1,3
R_cBhOFOLApMqJwqZ,1,1,1,1,1,1,3,3,6
R_3M51SdYPau0wXLt,1,0,0,0,1,1,2,1,3
R_1IRvWIKAAsszXtl,1,1,1,1,1,1,3,3,6
R_3KH34hrR3zNPW2V,1,0,1,0,1,0,3,0,3
R_yxr7e2VkSPKI5QR,0,1,0,1,0,1,0,3,3
R_3dS9CJYh8G1hFuZ,1,1,1,1,1,1,3,3,6
R_2w1vcUdMkcoRrTG,0,0,1,1,0,0,1,1,2
R_2fJUdC40koSehK0,1,1,1,0,1,0,3,1,4
R_3MyWkVWUiD4ocA6,1,1,1,1,1,1,3,3,6
R_2ARRNvCIwPP1HhW,1,1,0,0,1,0,2,1,3
R_2cbmiO7NM58r1D8,0,1,0,0,0,0,0,1,1
R_1FRI8CCQYvjW5oS,1,1,0,0,1,1,2,2,4
R_2XcUx0PC4DrFF37,1,0,1,0,1,1,3,1,4
R_2zGSwpaqLRq0i7y,1,0,0,1,1,1,2,2,4
R_2tGvbtuRUAjJRul,0,0,1,1,0,1,1,2,3
R_d69HmrgF8HTXHS9,1,1,1,0,0,0,2,1,3
R_2y79HVwQGNbrQed,1,0,1,0,1,0,3,0,3
R_1mQIIYdKTZS8oVb,1,1,1,0,1,0,3,1,4
R_3m80V0ciKHE0DRK,1,1,0,1,1,1,2,3,5
R_3Rg541d9iwwkvJP,1,0,1,1,1,0,3,1,4
R_WDJm2JEXqhH4HXr,1,1,1,1,1,1,3,3,6
R_1ODzvaDMCcQzLGe,1,1,1,0,1,1,3,2,5
R_2Pnwf1azbYVLfsW,1,0,1,0,1,1,3,1,4
R_2rGvfBSN32di7IY,1,1,1,0,0,1,2,2,4
R_1dgVjB6qprc7Sy6,0,1,1,1,1,1,2,3,5
R_2QFFNcKXqiH767c,1,0,1,0,1,0,3,0,3
R_2rVz86VIWXnFzzP,1,0,0,0,1,1,2,1,3
R_3iqKLHeSUaqxV9w,1,0,1,0,1,0,3,0,3
R_3PA15nY9g5vlaz2,1,1,0,0,0,1,1,2,3
R_2sXzTqR7G1mpPfM,1,1,0,1,1,1,2,3,5
R_1Cd9YU1Rbz4rMA4,1,0,0,0,1,0,2,0,2
R_xyJMbNfI2avc2nn,1,1,0,1,1,1,2,3,5
R_123k9PhJeovcH9V,1,0,1,0,0,1,2,1,3
R_24pdV7vjYupl0nm,1,1,1,0,1,0,3,1,4
R_3r0ex9DKuABRmV6,0,0,0,0,1,1,1,1,2
R_3DdKl18B4ehRhkR,0,1,0,1,1,1,1,3,4
R_1mOyxdF34eR2kVO,1,1,0,1,1,0,2,2,4
R_sUqALUxbF9JRJJv,1,0,0,0,1,1,2,1,3
R_2vYRzoWbfC40ERy,1,0,0,0,1,1,2,1,3
R_3JfaCE7Gk0dqWsk,0,1,0,1,0,1,0,3,3
R_D1asq1lcL2eRlD3,1,1,1,0,1,0,3,1,4
R_2vdc0Yz1tRA5zvi,1,0,1,0,1,0,3,0,3
R_1DCMdeGo0127i06,1,0,1,0,1,0,3,0,3
R_C1BjVDDCy1dohUZ,1,1,1,1,1,1,3,3,6
R_3fQ3ue27D86kBJw,1,1,0,0,1,1,2,2,4
R_xDCQzvdB3UcVlgl,1,0,0,1,1,0,2,1,3
R_2PcGLnILZojwQPl,1,1,0,0,1,1,2,2,4
R_1Ip9tDoTZhco9Ut,1,0,1,1,1,1,3,2,5
R_r9fk4L6EqdPENRn,1,0,0,0,1,0,2,0,2
R_25F02ah2c9ebXZl,0,0,1,0,0,1,1,1,2
R_3hF0Y2xIeWgYxbB,1,0,1,1,1,0,3,1,4
R_1OH8PYp8E9LiHq8,1,0,1,0,1,0,3,0,3
R_2EofCKVJupJGlw5,1,1,1,1,1,1,3,3,6
R_TdQsbD5Sr87HERP,1,0,1,0,1,0,3,0,3
R_tRNGrk0gKGpJITn,0,0,0,0,0,0,0,0,0
R_02o2D09NfVJOHD3,1,1,0,0,1,1,2,2,4
R_R2C3QWgw8zbDx7P,1,1,1,1,1,1,3,3,6
R_1jkNgiPkJqYSizr,1,0,0,1,0,1,1,2,3
R_1rNxGAaeB6DB9lJ,1,0,0,1,0,0,1,1,2
R_2wMEILbAKyg0UyS,1,0,1,1,1,1,3,2,5
R_2Pb6fKL0QCP5E9W,1,0,1,1,0,0,2,1,3
R_Bx0XmId8hkerUZj,1,0,0,0,1,1,2,1,3
R_1BPtM7USZIKlSYF,1,1,0,0,1,1,2,2,4
R_12DbkYX6KtQ8HQj,1,0,1,0,1,0,3,0,3
R_2z8b1TOeJPDN6xf,1,1,1,0,1,1,3,2,5
R_tXad2Ac7bAge3lf,1,0,0,1,0,1,1,2,3
R_3iQhftDXyMnZ8tu,1,1,1,1,0,1,2,3,5
R_1Lui8RFNFUCL5EC,1,0,0,1,1,0,2,1,3
R_3dVUQhF334zZr8K,1,1,0,1,1,1,2,3,5
R_1QcHnaULob0hBXA,1,1,1,1,1,1,3,3,6
R_1KvSERIVch28rSk,0,0,1,0,0,1,1,1,2
R_22tTlf1uHcOVHYN,0,1,0,0,0,1,0,2,2
R_vYNd3Qgm6GxXfMJ,1,0,1,0,1,0,3,0,3
R_1qb43ww81ebC1zJ,1,0,0,0,1,1,2,1,3
R_03dOZigqC0YU0kF,1,1,0,1,1,1,2,3,5
R_2c8IjOXv8tZ1sMs,1,0,1,0,1,0,3,0,3
R_31FXrhzYSagx3YN,1,0,1,0,0,0,2,0,2
R_STbNSlStkoi1Ych,1,1,1,1,1,1,3,3,6
R_PNipF5toXXtRxXH,1,1,1,0,1,1,3,2,5
R_3gUBaHRYibbVr8l,1,1,1,1,1,1,3,3,6
R_WoL4HfdHFKRZlUR,0,1,1,1,1,1,2,3,5
R_2SuB8WEHsAOF8yJ,0,1,0,1,1,1,1,3,4
R_299UAIIFfxnPL4V,0,0,0,0,1,0,1,0,1
R_54n4j75u57anBHX,1,1,1,1,1,1,3,3,6
R_1geBndhPr8x7hGz,1,0,1,0,1,0,3,0,3
R_1g1quC9XhI8kzKS,0,1,0,1,0,1,0,3,3
R_2c1RLPiBnUGBy7A,0,1,0,1,0,1,0,3,3
R_2rPgLW3ca2iFiJ2,1,0,0,0,1,0,2,0,2
R_27wVLUvmJu61BGr,1,1,0,1,1,1,2,3,5
R_2zRZv55C230Zgdl,1,0,1,0,0,1,2,1,3
R_1Ka3UJGBCZAfeB2,0,1,1,1,1,1,2,3,5
R_2Vxyp32wkqxnOjg,1,0,0,1,0,1,1,2,3
R_3n8Z9h4x2wFKGcR,1,0,1,0,1,1,3,1,4
R_2eRwlT9xtJNf3xP,0,0,1,0,0,1,1,1,2
R_3IT5t2I598zgKZM,0,0,0,0,0,1,0,1,1
R_2E0jeAooZAFNtZk,1,1,1,1,1,1,3,3,6
R_3ewOM3fxJnJlwNs,1,0,1,0,1,0,3,0,3
R_2Tq4LMd2pneZiWf,0,1,0,1,0,1,0,3,3
R_2xRfUj03DFr3epg,1,0,1,0,1,0,3,0,3
R_33CtlBIDcXsFuZf,1,0,1,0,1,0,3,0,3
R_31afE9Ls4otewQy,0,0,0,1,1,1,1,2,3
R_2ri3pbdtaiKaGhp,0,1,0,1,0,1,0,3,3
R_XjglZpjeeEInJOF,1,0,1,0,1,1,3,1,4
R_3oKD2LMAC3zJeyd,1,0,0,1,1,1,2,2,4
R_1FvfQIou0OTlQFX,1,0,0,1,0,1,1,2,3
R_2wmeDVo2ZdRYmUT,1,0,0,0,1,1,2,1,3
R_1QKhgKlauBISgR0,1,1,1,1,1,1,3,3,6
R_snenThehyiepiP7,1,0,1,0,1,0,3,0,3
R_1lABqJBTBG88y7k,1,0,1,0,1,0,3,0,3
R_10OfJGPWVSRcSp2,1,1,1,1,1,1,3,3,6
R_3Nx19PODelttRA8,1,1,1,1,1,1,3,3,6
R_2P5Xfc4ilIJHv7I,1,1,1,0,1,1,3,2,5
R_21p96ephqV1igj6,1,0,0,0,1,0,2,0,2
R_3NOiv4QgFU40LmQ,1,0,1,0,1,0,3,0,3
R_1F8N3mWFMoosetQ,1,0,0,0,1,0,2,0,2
R_12QO0TFVEUOUOu9,1,0,1,0,1,0,3,0,3
R_2BzieCaEdNr0zck,1,1,1,0,0,1,2,2,4
R_CmilQu95T8j8Gjf,0,0,1,0,1,1,2,1,3
R_3oHkvmX9frFx33G,1,1,1,1,1,0,3,2,5
R_3oF7VRhdK5ubn1F,1,0,0,1,1,0,2,1,3
R_3IY4vMOjoILexsx,0,1,0,1,0,0,0,2,2
R_3W5FpdFRaLqwsSZ,0,0,1,0,1,0,2,0,2
R_2uyokmcB36uxXCX,1,1,1,1,1,1,3,3,6
R_2vdZR9CowtB6OId,1,0,1,0,1,0,3,0,3
R_pbm7cORUS5OfR8R,1,1,0,0,0,1,1,2,3
R_3DiqoASSkQOvqs4,1,1,1,1,1,1,3,3,6
R_2XmPd6n3G93zkfs,1,0,1,1,1,1,3,2,5
R_OduKCCtXY3wsHHH,0,1,1,0,1,0,2,1,3
R_3h6JUkpmWbLCZmE,1,1,0,1,1,1,2,3,5
R_1o1EWanqMSBKyYo,0,1,0,1,1,0,1,2,3
R_2CUlbj06mo2wCzX,1,1,1,0,0,0,2,1,3
R_3nNrWOoVZr8ZCr4,1,1,1,1,1,1,3,3,6
R_UYdf6ljfk0vKIV3,1,1,0,1,1,1,2,3,5
R_eeThViYZKwO5zZT,0,1,1,1,1,0,2,2,4
R_W3dyNRfXOm2ZxDj,1,1,1,1,1,1,3,3,6
R_uyPjBdQuX6DAesN,0,0,1,0,1,1,2,1,3
R_1IvbZbNQTAjRq9Y,1,0,0,0,1,1,2,1,3
R_2SGlvso2s7yyFwU,1,0,1,0,1,1,3,1,4
R_ZKMH6oWG5Qj5qSZ,0,1,0,1,0,1,0,3,3
R_pLZYJxLxlO787Id,0,0,0,1,1,0,1,1,2
R_1gpPKHc9Lxuh4WU,1,1,0,1,1,0,2,2,4
R_2wbnv6h7a5GxO0B,1,1,0,0,1,1,2,2,4
R_33jAiV0NnaqMVcG,1,1,0,1,1,1,2,3,5
R_3lKwWtN3t5ytc4q,0,0,0,0,1,1,1,1,2
R_1MScr8w6t0jgcHx,1,1,0,0,1,1,2,2,4
R_6GbMYwUL0SqOmCB,1,1,1,0,1,1,3,2,5
R_CdUEfZXhDNDVGkV,1,0,1,1,1,1,3,2,5
R_2EFWrgkuORYByx8,1,0,0,0,1,1,2,1,3
R_1K1KKj1IyixLT4w,1,0,1,0,1,0,3,0,3
R_1IztInrPibFH8X6,1,1,1,1,1,1,3,3,6
R_UtkWPjnYL8iecbT,0,1,0,1,0,1,0,3,3
R_2q33TslsUpwYmdc,1,0,0,0,1,1,2,1,3
R_WiBf18HyEjlmoZr,1,0,1,1,1,1,3,2,5
R_217hab5dxw0VFYI,1,1,1,1,1,0,3,2,5
R_xx5oXVOZrBa9wNH,1,0,0,0,1,0,2,0,2
R_2cvWmsDdcgzxX6e,1,1,0,0,0,0,1,1,2
R_29iWFhugnnZ9urV,1,1,0,0,1,0,2,1,3
R_w1qII9hGh0CGaxb,1,0,1,0,0,0,2,0,2
R_3kcUwFX6fWeLR5s,1,1,0,1,1,1,2,3,5
R_2aKXUQnLAeGikae,1,1,1,1,0,1,2,3,5
R_1MX85AM8sWRyuAo,1,1,0,1,1,1,2,3,5
R_5t1Pya5oCD3DJpD,1,1,0,1,1,1,2,3,5
R_1MJIQGjoEEolZGC,1,0,1,0,1,0,3,0,3
R_1pRJhANptwonKva,1,0,1,0,1,0,3,0,3
R_RwqUUTaWRwlVy93,1,1,0,1,1,0,2,2,4
R_3qIp3iyFuvShj2R,1,0,0,1,1,0,2,1,3
R_2saKtgST38YCBTm,1,1,0,1,0,1,1,3,4
R_3pcoSteuZuebUG2,1,1,0,0,0,1,1,2,3
R_qF6YuwKHLTkgCZ3,1,1,0,1,1,0,2,2,4
R_1JWytvDitxYcdaf,1,0,0,0,1,1,2,1,3
R_8i7xPDZYHPkyaEp,1,1,1,1,1,1,3,3,6
R_2rBHjAqJQkuFY7m,1,0,0,1,1,1,2,2,4
R_33Cgzhdb1Verh21,1,1,0,1,1,1,2,3,5
R_1f40GeMi48IKNYU,1,0,1,1,1,0,3,1,4
R_1CvfcVRjnqbfxuL,1,0,1,0,1,0,3,0,3
R_2RXoiEnEct3t0qi,1,1,0,1,1,1,2,3,5
R_BX6LJNnxJgU2AMx,1,0,0,0,1,0,2,0,2
R_1js5VWCv6sbInmz,0,1,0,1,0,1,0,3,3
R_uqe9f6nKlu4XeyB,1,1,0,0,1,1,2,2,4
R_2e81UIoJnlyYxOP,1,1,0,0,1,1,2,2,4
R_1FwVSFYqcLlaF9R,1,1,1,1,1,1,3,3,6
R_27EEj10RGWSAtG3,0,0,0,0,1,1,1,1,2
R_pug0jJqgNRiCgMh,1,0,1,0,1,1,3,1,4
R_1LpLad2qibkK465,0,0,1,0,1,1,2,1,3
R_24A6IiGJDaQuAis,1,0,1,0,1,1,3,1,4
R_QixkLGvp6xFng2d,1,1,1,1,1,1,3,3,6
R_1Ow3p2I6i1EoDnQ,0,0,0,0,0,0,0,0,0
R_3FOtENDZf64CSwM,0,1,1,1,0,1,1,3,4
R_1LiMPIkwOd1ZG8Q,1,1,1,1,1,1,3,3,6
R_2WvCewejHHwr7pT,1,1,0,0,1,1,2,2,4
R_3fdSyh1QFtEABKk,1,0,1,1,1,0,3,1,4
R_3qmlJMHKdovpu7x,0,0,1,1,1,1,2,2,4
R_BLnMekRw9uWFw8V,1,0,0,0,0,0,1,0,1
R_1FzcEkNmrzezaj3,1,0,1,0,1,0,3,0,3
R_2Pbfu6Osu6cuGOS,1,0,0,1,1,0,2,1,3
R_1j6qrACaGPF81fG,1,1,0,0,1,0,2,1,3
R_1XQjK65vJvRVOKJ,1,1,1,1,1,1,3,3,6
R_p02TaMW5i1F4Pux,0,0,0,0,0,0,0,0,0
R_QiRMng4quuhIGGZ,1,0,1,1,1,0,3,1,4
R_1k1SMjTZMlW5AGz,1,1,1,0,0,1,2,2,4
R_28RJpoU1yaBZdUq,1,1,1,0,1,1,3,2,5
R_3EWJWcItyusj4Um,1,0,0,1,0,1,1,2,3
R_XnAouw9tCIQsYE1,0,1,1,0,1,1,2,2,4
R_ROFnpIz64olItFL,0,1,0,0,0,0,0,1,1
R_2b1WBp3gwY4oFbr,1,0,1,0,1,0,3,0,3
R_2vZDyQ2ziwvbHIy,0,1,1,1,1,1,2,3,5
R_1JS1YUUw5Y6ZS2U,1,1,1,1,1,1,3,3,6
R_1DAUiTWRzy7PCy7,1,0,1,0,1,0,3,0,3
R_2QxjaoPOL0fGsH6,1,0,0,1,1,1,2,2,4
R_1CfKar8vbSpmxBz,1,0,0,0,1,1,2,1,3
R_1gtgq3QHo5hDd1m,1,1,1,1,1,1,3,3,6
R_3RgqWpbXacWhzaQ,0,1,0,1,1,1,1,3,4
R_1q1IB5i4hcnucLj,1,0,0,0,0,0,1,0,1
R_2zkEZxAAIar3TDC,0,0,1,1,0,0,1,1,2
R_OwKUrHhiYVtldpT,0,1,0,1,0,0,0,2,2
R_tPyGiO0CQCdjlUB,0,1,0,1,0,1,0,3,3
R_31bHbU9lXSOpKgP,1,1,0,0,1,1,2,2,4
R_3lMltdZKA2B7q0x,1,1,0,0,1,1,2,2,4
R_2CU2pxuUwb7RQRg,1,0,1,0,1,0,3,0,3
R_3hgedQtNgLFo9cD,1,1,1,1,1,1,3,3,6
R_1Qa5hyo6XILA1Dc,0,0,1,0,1,0,2,0,2
R_3ozvUsgV4ZiS5l8,0,1,0,1,1,1,1,3,4
R_2o9I26pnUHTAG1H,1,0,0,1,1,1,2,2,4
R_oXIfbeLLqnYj14Z,1,1,1,1,1,1,3,3,6
R_30pCXvzlAUl8JAy,0,1,0,1,0,1,0,3,3
R_3eq0UpBVG7aM9dg,1,0,1,1,1,1,3,2,5
R_2qC64W7n3fPTRJp,1,1,1,0,1,1,3,2,5
R_2Uc7MQipAP4dyFs,1,1,0,0,1,1,2,2,4
R_xayOOc5O6gri17H,1,1,0,1,1,0,2,2,4
R_dbt344oHKOeeAjD,1,0,0,0,1,0,2,0,2
R_2dya012nL1CDCFn,1,1,0,0,1,1,2,2,4
R_3Ia7CdK9TLuBNo7,1,1,0,0,1,1,2,2,4
R_2WGOftbG7MrSdVz,0,0,1,1,1,0,2,1,3
R_2th77swP4Ro1kt5,1,0,0,0,1,1,2,1,3
R_80lVNDP5FoaN2nf,1,1,1,0,1,0,3,1,4
R_ZK4lpmwZHVoxBdL,0,0,1,0,0,0,1,0,1
R_1pmWdnurRwFYFvS,1,0,0,0,1,1,2,1,3
R_cOv0mDflt6dvLwJ,1,0,1,0,1,0,3,0,3
R_1erX4oR0YjaGgKd,1,1,1,0,1,1,3,2,5
R_2qsb9ojEd8iwyZm,1,1,1,0,1,1,3,2,5
R_21ys9HifRzHZYzO,0,1,0,1,0,0,0,2,2
R_0fDoGV7JgZ3uktb,1,1,1,1,1,1,3,3,6
R_2zFTWTnfE6A2gnP,1,0,0,0,1,1,2,1,3
R_2PnWCMjkNLAwnIf,0,0,1,0,1,1,2,1,3
R_3Nx5DmrN9TF1bTn,1,1,1,1,1,0,3,2,5
R_2tlpzvNv7s0GG92,1,1,1,1,1,1,3,3,6
R_1PUgpyC5erqj5gn,0,0,0,0,1,0,1,0,1
R_3g7xF4CDZwl8Q7D,1,0,1,0,1,1,3,1,4
R_5oiPaaPXXMaDvKV,0,0,0,0,1,0,1,0,1
R_2aaf6KahPgHIvBJ,1,1,1,0,1,0,3,1,4
R_3s0tNy9nUrdp8ra,1,1,1,1,1,0,3,2,5
R_0SZFpfpC6O5HFjb,1,1,1,1,1,1,3,3,6
R_RekNgcqZMMBHLX3,1,1,1,1,1,1,3,3,6
R_YSskgMDdxuUxMyd,1,1,1,1,1,0,3,2,5
R_3hluxjNN75jUUH7,0,1,0,1,1,1,1,3,4
R_QnoK6z0QCX2eIsV,0,1,1,0,1,0,2,1,3
R_2q4RCGRSxBaXP2s,0,1,0,1,1,1,1,3,4
R_1kOoJB0pODLdWAW,0,0,1,0,1,0,2,0,2
R_3PzBVhAptPdSsZe,1,1,0,0,1,1,2,2,4
R_Q5HWwUB302qx42t,0,1,1,0,1,1,2,2,4
R_3Eu9SttNFrNlu8o,1,0,0,1,1,1,2,2,4
R_2DSyenyLrMkFoyx,1,0,0,0,1,0,2,0,2
R_O9j2n6RAVJp6KUV,1,1,1,1,1,1,3,3,6
R_3qR2mWoCqUdjrJS,1,0,0,1,1,1,2,2,4
R_SJmML1Kq0ZlFWG5,0,1,1,1,1,1,2,3,5
R_1isvhvN4j9Dhp9K,1,1,1,0,0,0,2,1,3
R_2P7JjaBKMS1Buai,1,0,0,1,0,0,1,1,2
R_3QSko4Eg0PzqVrs,1,1,0,1,1,1,2,3,5
R_Zq7YBAzFUn3l6Cd,1,1,1,1,0,1,2,3,5
R_81R50ljLqMMTU9H,0,1,1,0,1,1,2,2,4
R_2uHDuAxOrNfKOdx,1,1,0,0,1,1,2,2,4
R_SPsrEAobglKbN1n,1,0,1,0,1,0,3,0,3
R_3HLGEcSodSPVDjp,1,0,1,0,1,0,3,0,3
R_3rSwwduqPTfSPVy,1,0,1,0,1,0,3,0,3
R_u8GHc2ly6dQniEx,1,1,1,0,1,1,3,2,5
R_1dufweLFMGHzUka,1,0,1,0,1,0,3,0,3
R_cAsonX6uy9x2yiZ,1,1,1,1,1,1,3,3,6
R_z7mXkMOARfjc5hv,1,1,1,1,0,1,2,3,5
R_123Avj65hNXhEEU,1,1,1,0,1,0,3,1,4
R_yBV1MtmHZZ3C6WZ,1,1,0,1,1,1,2,3,5
R_RlgXzVP30cCvT57,1,0,1,0,1,0,3,0,3
R_27wfk0kHvV3a55e,1,0,1,0,1,0,3,0,3
R_1riZHLUhnXIs6RC,0,1,1,1,1,1,2,3,5
R_2Y8Ko9PMsjR9JNL,1,1,0,1,0,0,1,2,3
R_1GNTRImz8S0b2K6,1,1,0,0,0,0,1,1,2
R_AprMoBTA7DIvxCx,1,1,1,1,1,1,3,3,6
R_3MrF97k5ApMPYj6,1,0,0,0,1,0,2,0,2
R_2xDEMTN7OFyjMgU,1,1,1,1,0,0,2,2,4
R_1Ne52doDtAkRV5A,1,0,1,0,1,1,3,1,4
R_1CKH5f68F3tgS7i,1,1,0,1,1,1,2,3,5
R_1rxJ5rLYoIYriGO,1,0,0,0,1,1,2,1,3
R_1KeevrNvpKIiq1f,1,0,1,0,1,0,3,0,3
R_3iO0xidoChjVP12,1,0,1,0,1,1,3,1,4
R_2dzt0GEYExHEbcl,1,0,0,1,1,0,2,1,3
R_3PHNu9VOuWC8O7r,0,1,0,1,1,1,1,3,4
R_1cVbpfX4YklHFTb,1,0,1,0,1,0,3,0,3
R_3dEXQ8iTnsVwrFq,0,0,1,1,1,1,2,2,4
R_PuMYLLXeeMFnLLb,1,1,0,1,0,1,1,3,4
R_uqZ9otx0wRYbu13,1,0,1,1,1,1,3,2,5
R_1n75xfIaO93hjVu,1,1,1,1,1,1,3,3,6
R_3g88kKZWo5BUdUN,0,0,0,0,0,0,0,0,0
R_21G5OvOdQoiLvZE,1,0,0,0,1,1,2,1,3
R_2OVbvq5wyxmc55X,0,1,0,0,0,0,0,1,1
R_2tnXvt0i1G5aKZ3,1,0,0,0,0,1,1,1,2
R_1F8qJGnHAjocQly,1,1,1,0,1,0,3,1,4
R_p6iESSrzIrVx1o5,0,1,0,1,0,1,0,3,3
R_2Y4l62UfCZeNcBv,1,0,0,1,0,1,1,2,3
R_1rrKVtno0RkFqM9,1,1,1,1,1,0,3,2,5
R_1Nt3LB4fY1qAPra,1,0,0,0,0,0,1,0,1
R_1dmCxdgd10xAX7z,1,1,1,1,1,1,3,3,6
R_2B2L2kJ7Btacn8o,0,0,1,1,1,0,2,1,3
R_6oneH6n6EWEF2al,1,1,0,1,1,1,2,3,5
R_qWNxJaVY6cRJ4LD,1,1,1,1,1,0,3,2,5
R_3nJxGTesogvRn4f,1,1,1,0,1,0,3,1,4
R_sw1cB55stVEGAHT,0,0,0,0,0,0,0,0,0
R_vjXDwLSpi5NIXPH,1,0,1,0,1,0,3,0,3
R_3PRVij1zfXalbwo,1,1,0,1,1,1,2,3,5
R_1GFbtzD7kmzijIJ,1,1,0,0,0,0,1,1,2
R_2fBECYOenTvmwgq,0,1,1,1,1,1,2,3,5
R_8dChZprUvdhIohP,0,0,1,1,1,1,2,2,4
R_1imtmM8BkwLkBMa,0,0,0,1,0,0,0,1,1
R_3hsHmpxRNrfKW9o,1,0,1,0,1,0,3,0,3
R_5awo0GDFt0tRP3j,1,0,0,1,1,0,2,1,3
R_2duzA847WauCOUc,1,1,0,0,1,0,2,1,3
R_3HIy5Tavwhcgrvt,1,1,1,1,1,1,3,3,6
R_1Qi830lX6N0VRWC,1,1,0,1,1,1,2,3,5
R_3GexKjGOE2NnUq4,1,1,1,1,1,1,3,3,6
R_1H2kElkgbtiiFLL,1,0,1,0,1,1,3,1,4
R_3IQPzF77NlOv6C6,1,0,1,0,1,0,3,0,3
R_w0HdWUASr8sJqZX,0,1,0,1,1,1,1,3,4
R_1IKrzDIYzH9p2Zg,1,1,1,0,1,0,3,1,4
R_2uE55u5HtwPjL6P,0,0,0,1,1,0,1,1,2
R_OKfGbnLZUczGMAF,1,1,0,1,0,0,1,2,3
R_3rYcbOB4NspNb6O,1,1,1,1,1,1,3,3,6
R_1KrOYKt4pDPByAI,1,1,0,0,1,0,2,1,3
R_2TFxFwjEVCngkfU,1,0,1,0,1,0,3,0,3
R_2uqRupvge6GaE6s,1,1,1,0,1,1,3,2,5
R_3q9kWGoJK8DVLSa,1,1,1,0,1,1,3,2,5
R_1EcJIFcSyW0s8Of,1,1,0,0,0,0,1,1,2
R_2qkNCjkeGvQDPxN,1,0,1,1,1,0,3,1,4
R_yWIF1IawDExQZ1v,0,0,0,0,1,0,1,0,1
R_3nw35xphOIIEGOo,1,1,0,0,1,1,2,2,4
R_OCD5m7vpFXHGWEF,0,1,0,0,1,1,1,2,3
R_3qz28uWT81c0pgK,0,1,0,1,0,1,0,3,3
R_1DS7lGBEaPw4LSc,0,1,1,0,0,1,1,2,3
R_3IXH45t7m5mhmSE,1,1,0,0,1,1,2,2,4
R_2ALslmMk4QjwDtD,1,1,1,0,1,1,3,2,5
R_10q17Typ0W66cgz,1,0,1,1,1,1,3,2,5
R_3nHrq0dttmwsDnr,0,1,0,0,0,0,0,1,1
R_8HXvtmFXu5GQLqp,0,1,0,1,1,1,1,3,4
R_1IDWjF6620tMk3I,1,1,0,0,1,0,2,1,3
R_334qRYnQGmQEeyA,1,0,0,0,1,0,2,0,2
R_1pQm0Hiba6aDrRZ,0,1,0,0,1,1,1,2,3
R_C2Kf4E9abz0MUUN,1,0,1,1,1,1,3,2,5
R_4MFVKwh3NcA5eVz,1,0,0,0,1,1,2,1,3
R_1LLvd3JShVXVG83,0,1,0,1,0,1,0,3,3
R_1GHORjAssebmRaX,1,1,0,1,1,1,2,3,5
R_bkib1DkVJN6NHm9,1,1,1,0,1,0,3,1,4
R_2V86xIjzGS1us2t,1,0,1,0,1,0,3,0,3
R_1N2fTnOxJSpYkK3,0,0,0,0,0,1,0,1,1
R_3CVZX99QWq0pfme,1,1,0,1,0,1,1,3,4
R_2tszBztD4tM5un2,0,1,0,1,0,1,0,3,3
R_3hi4ypoJusxdw77,0,0,0,0,1,1,1,1,2
R_3NKYq0L16m7wzbM,0,1,1,1,1,1,2,3,5
R_2ElOCML3CTlN1Ef,1,0,1,1,0,0,2,1,3
R_2yadVwRlXij7E1D,1,1,0,1,1,1,2,3,5
R_1KweBIXpdagAEB7,0,0,1,0,0,0,1,0,1
R_2DUBuk7vqnVz66Z,1,1,0,1,1,1,2,3,5
R_2D0HoL0ez2xVYGW,1,1,0,1,1,1,2,3,5
R_3Di4Ed7SUkre4Ez,1,0,0,1,0,1,1,2,3
R_1rBzbpsDNy1SD5G,1,1,0,1,1,1,2,3,5
R_31nlKYLgenDMvju,1,0,1,0,0,1,2,1,3
R_agjXJvpjwgseaqZ,0,1,0,1,1,1,1,3,4
R_PTcsF8zc4mLX2O5,1,1,1,1,1,1,3,3,6
R_1kY98YVxA7jAjW6,0,1,0,1,0,1,0,3,3
R_1hWtTJzxJKoJRuw,0,1,0,0,1,1,1,2,3
R_2pXn3vr45Z1A1L7,0,0,1,0,1,0,2,0,2
R_2ZWEGcGZLzhuhpf,1,0,1,1,1,0,3,1,4
R_2TAlBbHzy2CR1Wa,1,0,0,0,1,0,2,0,2
R_3HHdR4KSDdNXRSx,1,1,0,0,1,1,2,2,4
R_6WjBajBZvJVqJyN,1,1,0,1,0,1,1,3,4
R_1dyPcnmVzi3tCU1,1,0,1,0,1,0,3,0,3
R_VLvyDJwPB3uIwBH,1,0,0,1,1,1,2,2,4
R_3sgEn5hihI6RxDZ,1,0,0,1,1,0,2,1,3
R_262NskGMiVvJ81X,1,1,0,1,0,0,1,2,3
R_SJpIuZC8rkStB97,1,0,0,0,1,1,2,1,3
R_1mPmDGsJ2UzVOmv,1,1,0,0,1,1,2,2,4
R_2dm9q7DmTAjIttg,1,0,0,0,1,1,2,1,3
R_5hVJJQenwUYCz7P,1,0,0,1,1,0,2,1,3
R_2uETlceatrlt6eV,0,1,1,1,0,1,1,3,4
R_3r3aUvlp06EJoaM,1,1,1,0,1,1,3,2,5
R_2cC1my9uLFsto1x,1,0,0,1,1,1,2,2,4
R_2wayh9Z5LDWMaHK,0,1,0,0,0,0,0,1,1
R_p4uZq9QrpjeJRjX,1,1,0,0,1,1,2,2,4
R_2S66Zam21BOVGv5,0,0,0,0,1,0,1,0,1
R_2qarNJfqCgqRggb,1,1,1,1,1,0,3,2,5
R_CaxOV5OtpRirbgd,1,1,0,1,1,1,2,3,5
R_2zbCjjN6sUhv6s5,1,0,1,0,1,1,3,1,4
R_3PaUBZdWw3K93Ju,0,1,0,1,0,1,0,3,3
R_26nZNVgwDYU2K4p,1,1,1,0,0,0,2,1,3
R_3sglXvJ8sL5mOih,0,1,0,0,0,0,0,1,1
R_1QAtwJRZy4ZSCXV,1,0,1,0,1,0,3,0,3
R_AcEN9QSFtCtBoLn,1,0,0,1,1,1,2,2,4
R_3WeeqbD4BW9jZn3,0,1,1,1,1,1,2,3,5
R_3P3EFirkXqQS8KJ,1,0,1,0,1,0,3,0,3
R_1rJHxSuoaXmRq7Z,1,1,1,1,1,1,3,3,6
R_bvaiNVzyjMLgqwF,1,0,1,0,1,0,3,0,3
R_W855TDkWuFj8Y9j,1,1,0,0,0,1,1,2,3
R_2xWWtVCJfJQnV36,1,0,1,0,1,0,3,0,3
R_3fJfdFYXC8wC5Uu,1,0,1,1,1,1,3,2,5
R_3lypxX1F162gOls,1,1,0,1,1,1,2,3,5
R_110dNr5YUosmacM,1,1,1,1,1,1,3,3,6
R_1pul0Of2KXfbzhU,1,1,0,0,1,1,2,2,4
R_UABtVd8RvPcZKp3,1,1,0,0,0,1,1,2,3
R_1mIWa5XeMq2TOn0,1,0,0,1,1,0,2,1,3
R_1rjDqOMKVpG5cfM,1,1,1,1,1,1,3,3,6
R_3Jw4IXYyoA5PsUV,1,0,1,0,1,0,3,0,3
R_2X7HkSKnbnpiF7e,1,0,1,1,1,1,3,2,5
R_325x03It4ABQ77c,0,0,1,0,0,1,1,1,2
R_C8sVUBFVEgOKZCF,0,0,0,0,1,0,1,0,1
R_2P80p39c5fCeAEj,1,1,1,1,1,0,3,2,5
R_3nN2NruIwhZAAqd,1,1,1,1,1,1,3,3,6
R_2tpHrW2ff5gbBQd,1,0,0,0,1,1,2,1,3
R_pS1TJ7KdjQ2wHcd,1,1,0,0,0,1,1,2,3
R_2dpdumix6KOI79U,1,0,1,0,1,0,3,0,3
R_1jJ2HcXF7PYATU1,1,1,1,1,1,1,3,3,6
R_1hLPG7NM7XD6sdy,1,0,1,0,1,0,3,0,3
R_1pu4xw6tHErbLJT,1,1,1,0,1,1,3,2,5
R_2XhqydCM3AvtlJx,1,1,0,1,1,1,2,3,5
R_eW3tL3lmGPjrYl3,1,0,0,0,1,1,2,1,3
R_31YQceM1vd2lvZU,1,0,1,0,1,0,3,0,3
R_C4uYWw62fxfoduV,1,1,1,0,1,0,3,1,4
R_1l3sDKzaKRUMPuK,1,0,0,0,1,0,2,0,2
R_1LRMfeGtkNImC4u,0,1,0,1,1,1,1,3,4
R_1nZ5iO7kgz4NqBC,1,1,1,0,1,1,3,2,5
R_umE28vvLsaDbRT3,1,1,0,0,1,0,2,1,3
R_3hooAoOcaF7aR1p,0,0,1,1,1,1,2,2,4
R_1hxLOuRkTeyHtFm,0,1,0,1,0,0,0,2,2
R_D8mYwrE56k4aRdn,0,0,1,0,0,1,1,1,2
R_1JJDM9zrEkUVzZ4,1,1,0,0,0,1,1,2,3
R_Zemy2YfLvg3l4M9,0,1,0,1,0,0,0,2,2
R_3jSQ4YINwFBD7iK,1,1,1,1,1,1,3,3,6
R_DHtg2r3YPkyX83v,1,0,1,0,1,0,3,0,3
R_vffe6f1IC4oznIl,1,1,1,1,1,1,3,3,6
R_BPaB4t4HGcWGkCJ,0,0,0,0,1,1,1,1,2
R_1zvzUOZ6ZNANVjH,0,1,0,1,0,1,0,3,3
R_aYuLOU7rEMJw2pr,0,1,1,1,1,1,2,3,5
R_3rTcUrvnvOUuT79,1,0,0,1,0,0,1,1,2
R_1INkFULPLMJjjIm,1,0,0,1,1,1,2,2,4
R_21dNkYYFIdjtINu,1,1,1,0,1,1,3,2,5
R_1fgegcUFefPTUBb,1,0,1,0,1,0,3,0,3
R_Zh1VPOZeydTnbnH,1,0,1,0,1,0,3,0,3
R_1IZt05UVYMuMcBF,0,1,1,0,1,1,2,2,4
R_1LAp1Mp78iLxmyV,1,1,0,0,1,1,2,2,4
R_25T2wVA3Qy8g2Id,0,0,1,0,1,1,2,1,3
R_2ckf17s9LyfcEbY,1,1,1,1,1,1,3,3,6
R_3szhHuugPeFxgDL,1,1,1,0,1,1,3,2,5
R_3dThSObdDSv4yec,1,0,1,0,1,0,3,0,3
R_Ulru5obpHhM589X,1,1,0,1,1,1,2,3,5
R_1kUiyNfFQV58hUB,0,1,0,1,0,1,0,3,3
R_DOgV7Saxlao8NkB,1,1,0,0,1,1,2,2,4
R_10MeX6PILPYPOwv,1,1,0,0,1,1,2,2,4
R_1K2LqDLjLFvnmoP,1,1,0,1,1,0,2,2,4
R_26gUD3dG2JQHUOg,0,0,1,1,0,0,1,1,2
R_128TzfXaKjD8Vgj,0,0,0,1,1,1,1,2,3
R_1pLETLYotXwqCwy,1,0,0,1,1,0,2,1,3
R_30kSMmcXqZSn02m,1,1,0,0,1,1,2,2,4
R_3MnBPQDYnURanHJ,1,1,0,1,0,1,1,3,4
R_10CMmoOiHRRSGdl,1,0,0,0,0,1,1,1,2
R_3L6kFg0BnwZiCjq,1,1,1,0,1,1,3,2,5
R_1OvRDuo5TEVbwFM,1,0,1,1,1,1,3,2,5
R_1IEtGXYYXLjjAGA,0,1,0,0,1,1,1,2,3
R_RDnwJ09jONWmwxP,1,1,1,0,1,1,3,2,5
R_20YBLkuKFpGrZ6h,1,0,1,0,1,0,3,0,3
R_2Ys42GKbOXMh5C9,0,0,0,0,0,0,0,0,0
R_1HjJiJkX9SuB62S,1,1,0,1,1,1,2,3,5
R_3spinBBqYD5iyJr,1,0,1,0,1,1,3,1,4
R_3G9XGxxfxmgYbxe,0,1,0,1,0,1,0,3,3
R_1hMCCYF1Y0y2KIC,1,1,1,0,1,1,3,2,5
R_DHoRq6c7Bz74Zod,1,0,0,1,1,0,2,1,3
R_2xPqPOMbSUrhO1y,1,0,1,1,1,1,3,2,5
R_3fOFPM1MZRTEE1C,1,1,0,1,0,1,1,3,4
R_yNFZe5ov1VCjBDj,1,0,1,0,1,0,3,0,3
R_1F2ILSnYv6rhVTr,1,0,0,1,1,0,2,1,3
R_1N5sIr8HSoZd8Fk,1,1,0,0,0,1,1,2,3
R_1mWru2I2Pw8rjIl,1,0,1,0,1,1,3,1,4
R_XUqfC60O2br7izD,1,1,0,1,1,0,2,2,4
R_1ND5GzzHw3ROUu2,1,1,1,0,0,1,2,2,4
R_1JVZr4f3f2UXE88,0,1,0,1,0,1,0,3,3
R_1IFW41x8wppb8hI,1,0,1,0,0,0,2,0,2
R_1LbQF7ATY2gWzyV,1,1,1,0,1,0,3,1,4
R_UEdaaaydYyB7D2h,1,0,0,0,0,0,1,0,1
R_3McHL6Yb0teR8fr,0,1,1,0,1,1,2,2,4
R_26fIXERJLcFHH52,1,0,0,0,1,1,2,1,3
R_2yr9Mnp83EExnth,0,1,0,0,1,0,1,1,2
R_1nZpA0k9OBjFkAW,0,1,1,1,0,0,1,2,3
R_SADddZNE67qRozf,1,1,1,0,1,1,3,2,5
R_3fpDy2ca6qpvnQ8,1,1,1,1,1,1,3,3,6
R_pJCUoXmGJ1ImuIN,1,1,0,0,1,1,2,2,4
R_xFWcuNgdPAivH3P,1,0,1,0,1,1,3,1,4
R_p63Cb51GEviV9ER,1,1,1,0,1,0,3,1,4
R_1PYuA65A7Fhlxfi,1,1,1,1,1,1,3,3,6
R_2fp4sm5N4Oi9rFN,1,1,1,1,1,1,3,3,6
R_1myogFDaX46PYyk,1,1,0,0,0,0,1,1,2
R_RhiKdzVUtxh4J33,1,1,0,1,1,1,2,3,5
R_3jZsnf7l4h6FTp7,1,0,1,0,1,0,3,0,3
R_1NgZnfHTOMkTa2Z,1,0,0,1,1,0,2,1,3
R_31FpXkVuDoe3MTW,0,1,0,1,1,1,1,3,4
R_STRW3bHh5HUpFnP,1,1,1,0,0,1,2,2,4
R_12KCIbmrlTj2PdA,1,1,1,1,1,1,3,3,6
R_1poFjLJQLBXoNCD,1,0,1,0,1,0,3,0,3
R_1zi1ahbhFw1pXPP,1,0,0,0,1,1,2,1,3
R_3q8SdU0mvrrXKOH,1,0,1,1,1,1,3,2,5
R_1kGlo3TFvLc0POe,0,0,0,1,1,0,1,1,2
R_31ugHMGWElFVTk9,1,0,1,0,1,0,3,0,3
R_1rjlDjcYAL56aHa,1,1,0,1,1,1,2,3,5
R_27qCQZAPoUJvemW,1,0,1,1,1,1,3,2,5
R_1fkjWEwesoMDuyD,1,1,1,1,1,0,3,2,5
R_3hmOAIbHCAjoeoe,1,1,1,1,1,1,3,3,6
R_3rHtlh4lAO4mXq6,1,1,1,1,1,1,3,3,6
R_10C1pfKQPbC7CSZ,1,1,1,1,1,1,3,3,6
R_2DV21rZAFmndhfs,1,0,1,0,1,0,3,0,3
R_3dMTVQ4rVS1W338,1,0,1,1,1,1,3,2,5
R_etYBYwDjBV9jy1z,1,1,1,1,1,0,3,2,5
R_1IhpDg2ykFwJ19h,1,0,1,1,1,1,3,2,5
R_2zUa2lb4yZC3LVP,0,0,0,0,0,0,0,0,0
R_3QMEUW1WjBh61b5,0,0,0,0,1,0,1,0,1
R_2xDx7jLramdDk2f,1,1,1,1,1,1,3,3,6
R_voeK6rAxY1GHRkJ,1,1,0,1,1,1,2,3,5
R_RDqxs6snHxx6ZiN,1,1,0,1,1,1,2,3,5
R_2Yn4WEp7kXxQgDm,1,0,1,1,1,1,3,2,5
R_1nNjIUe6uEt55dM,1,1,1,0,1,0,3,1,4
R_6lhuLKJ427zR59n,0,1,0,1,0,1,0,3,3
R_3O7VoPANiinug4i,1,1,0,0,0,0,1,1,2
R_3G8nVSlW44bS1uB,1,0,1,0,1,1,3,1,4
R_2uDuuNsjSM7myAT,1,1,0,0,1,0,2,1,3
R_2BqVtxlVhSlmV6m,1,1,0,0,1,0,2,1,3
R_2YDLIbdeVXsgLx2,0,1,1,0,1,1,2,2,4
R_2e2SumZwm5UGCaj,1,0,1,0,1,1,3,1,4
R_2mkgtqx2PkN6ULv,0,1,1,0,1,0,2,1,3
R_3IXKzJG0SRoJwJr,0,0,1,0,1,0,2,0,2
R_3MboBRCR1SHeigO,0,1,0,1,0,1,0,3,3
R_PSpX0Wo1NkTgtwt,0,1,1,1,0,1,1,3,4
R_1q8x5YolwJR8Nzq,1,1,1,0,1,1,3,2,5
R_237ymAg38jgscc0,1,1,1,1,1,1,3,3,6
R_116jsJUqL1nNS5l,1,0,1,0,1,0,3,0,3
R_8Gp7qu70UNqnWwh,1,1,0,1,1,1,2,3,5
R_vqWegJusIMcg013,1,1,0,0,1,1,2,2,4
R_1DYiSPJHC4FyBOb,1,1,0,1,1,1,2,3,5
R_1oFs1hewOHVxuev,1,1,1,1,1,1,3,3,6
R_2QyWwURoe77FKWU,1,0,1,0,1,0,3,0,3
R_1BYtZhjRw1Xd2Ht,0,1,1,1,0,1,1,3,4
R_3jUxfUkbL7ttG25,1,1,1,1,1,1,3,3,6
R_3qaMlBPfS7HJz7S,1,0,1,0,1,0,3,0,3
R_2b3jXiEsHpVSdId,1,1,1,0,1,1,3,2,5
R_3gSoYz96ysXN7tU,1,1,1,0,1,0,3,1,4
R_3rVduRswQfqQUvo,0,0,1,1,1,0,2,1,3
R_2qdrLCsvHqjDXsM,1,1,1,1,1,0,3,2,5
R_2f7JDdm5bxQuALM,1,1,0,0,1,1,2,2,4
R_3s08k6nfBHHwe0x,0,0,1,0,1,1,2,1,3
R_A02GswHMDgHAn7z,1,1,1,1,1,1,3,3,6
R_rrKRHXvU0y8Zkk1,1,1,0,0,1,1,2,2,4
R_3hb6d76Pr6hgNtj,1,0,0,0,1,0,2,0,2
R_1NtsiQiK9SRCL1W,0,1,1,1,1,1,2,3,5
R_1KxPBcFbnvGSRez,1,1,1,1,1,1,3,3,6
R_2XmM5hFdqwZRT7m,1,1,0,1,1,1,2,3,5
R_YQzdCE7yCiovLsR,1,0,1,0,1,1,3,1,4
R_2QhavO7LcN7bXx7,1,1,0,1,1,1,2,3,5
R_1PRVmS7E8lujlR2,1,0,0,1,1,1,2,2,4
R_6QH41cXybj6yzpT,1,0,0,1,1,1,2,2,4
R_3CWuvBcTmzMVHl9,1,1,1,1,1,1,3,3,6
R_3KxUhsKIeSAGwh2,0,0,0,1,0,1,0,2,2
R_3RaX43Va0QlVn3O,1,0,1,1,1,1,3,2,5
R_3lAIGOfnUPASoyl,1,1,1,1,1,1,3,3,6
R_2CVBjjfOuTWYwWG,1,1,0,0,1,0,2,1,3
R_1IfMTvKTdqOTPLp,1,1,0,0,1,0,2,1,3
R_29n8f3qauVgiC6x,1,0,1,0,1,0,3,0,3
R_cUeBMK9B4ynyVVL,0,1,0,1,1,0,1,2,3
R_3iz2nD54ZQKd3S0,1,0,1,0,0,1,2,1,3
R_tPwuSvEx4eEK4M1,1,0,1,1,1,0,3,1,4
R_2zeZW5bePJjrmck,1,1,1,0,1,0,3,1,4
R_1iljyKMIqF0DOss,1,1,1,1,1,1,3,3,6
R_z6WrvNw8EGEOn1T,1,0,0,1,1,1,2,2,4
R_3HuXYEaneXpOMxY,1,0,1,1,1,1,3,2,5
R_VJ6n2yLV5bmX2aB,1,1,1,1,1,0,3,2,5
R_RFzU5ABcJn1hidH,1,0,1,0,1,0,3,0,3
R_1jSUfaaqdE1c3WU,1,0,1,1,0,0,2,1,3
R_3R3NJR7DUYKKEOA,1,0,0,0,0,1,1,1,2
R_3ejZfnA27DEbJtH,1,0,0,0,1,1,2,1,3
R_xx9BnyCG1gOnu9P,1,0,1,0,1,0,3,0,3
R_YcuYLj7HZMMeR9L,0,1,1,0,1,0,2,1,3
R_26fG8Dk1HewQwso,1,1,1,1,1,1,3,3,6
R_1LAQvxcQo2YVvrD,1,0,0,0,1,0,2,0,2
R_vTXUhLbqEbmym9b,0,1,0,0,0,0,0,1,1
R_OiXTyQ3Xn0SSPrX,1,0,1,0,0,0,2,0,2
R_vP0AxgtoMU42Kzv,1,0,0,1,1,1,2,2,4
R_2SH4ZAh1gL1sA01,1,0,0,1,1,1,2,2,4
R_3JaZh1sYElZG2FU,1,0,1,1,1,1,3,2,5
R_1FggAuBFubVg83W,1,1,0,1,1,1,2,3,5
R_2Sp3NemaNr9FygQ,1,1,1,1,1,1,3,3,6
R_2OPfcLJBS25KME6,0,1,0,1,0,1,0,3,3
R_3lt2g4tet1WE8uy,0,1,0,1,1,1,1,3,4
R_1EZr2LYvwoB59Sl,1,1,1,1,1,1,3,3,6
R_2rvWSzXsvbLrrdc,1,1,1,1,1,1,3,3,6
R_D33L05TXBRtDaDL,1,1,1,1,0,0,2,2,4
R_xo5qf006t0Hau1H,1,0,0,0,1,1,2,1,3
R_10ZvVWIA59tLKsu,0,0,1,0,1,0,2,0,2
R_9RdfglbEI4ZSaE9,1,1,0,0,1,0,2,1,3
R_R838SLTHAoaF3aN,0,1,0,0,0,1,0,2,2
R_3Dubg2dz8602F1h,0,1,0,1,0,1,0,3,3
R_2SfAeTZnMKERhBH,1,1,1,1,1,1,3,3,6
R_33dL8eSUle1NhCa,1,0,0,1,1,0,2,1,3
R_Wc9VEDqPmfChIwp,1,1,0,0,1,0,2,1,3
R_1IgTr6ixSJZcKhC,0,1,1,0,0,0,1,1,2
R_2OSyofxy7rnYvDE,0,1,0,1,0,1,0,3,3
R_1DUaSDiT948kH9A,0,1,1,1,0,1,1,3,4
R_3Jbmh6aLIydrnFo,0,1,0,1,1,1,1,3,4
R_bOfzD4baMuuvxMR,1,0,1,0,0,0,2,0,2
R_1LMrgNFUQJcdYs9,1,0,0,0,1,0,2,0,2
R_0NbBQ1E3QJhwFgd,0,0,0,0,0,0,0,0,0
R_Zk33tWUYV0Z9QwF,1,0,1,1,1,0,3,1,4
R_2VJjwW9peDTQEHk,1,0,0,1,0,0,1,1,2
R_3hmEmwfrgo3ZirW,0,1,0,1,0,1,0,3,3
R_51EQFwNlr5dUsdX,1,0,1,0,1,0,3,0,3
R_3Vr74SslqGuOJIl,1,0,0,1,1,0,2,1,3
R_8kS5rj77F8UgTg5,0,1,0,1,0,1,0,3,3
R_1DouVpgZJ9NLHps,0,1,0,0,1,1,1,2,3
R_2WZ6kltmj3hNoAe,1,1,1,1,1,1,3,3,6
R_2415ZF7ZyPGoxuN,1,1,0,0,1,1,2,2,4
R_3KVZsgKjRiCoC1o,1,0,0,1,1,1,2,2,4
R_ABzKx8sdl5MJXIR,0,1,0,1,0,0,0,2,2
R_2vhTEJEqT4osVJO,1,0,1,0,1,0,3,0,3
R_3CIoNf1yFkcVqz9,0,1,0,0,0,1,0,2,2
R_3mjx8deFk8SRYv9,1,1,0,1,1,0,2,2,4
R_1CqB0sQgy5Ti7lR,1,0,1,0,1,0,3,0,3
R_1gun72uZojNATEn,1,1,0,1,1,1,2,3,5
R_T8fVSWHOvW88S7T,1,1,1,1,1,1,3,3,6
R_271Hi9HHYaEVCca,1,0,1,0,1,0,3,0,3
R_1QFK6lwRH2Pbgp9,1,0,0,0,1,0,2,0,2
R_3flSP8C9z8sT5uQ,0,1,0,1,0,1,0,3,3
R_1oyVo4N6k02rcUe,1,0,0,1,0,1,1,2,3
R_3m9mr7MVl36vGdt,0,0,0,1,0,0,0,1,1
R_2pS0NtLvUJrWdgO,1,0,1,1,0,1,2,2,4
R_yOVJDnhBaP5GHhn,1,1,1,0,1,0,3,1,4
R_3ES7nAyAIVZzUcG,1,0,0,0,1,1,2,1,3
R_3NDT5wlVtmaFSZw,1,1,0,0,1,1,2,2,4
R_AKImL3S8XZT6boB,0,1,0,0,1,1,1,2,3
R_2YQj8GS6KMKyja6,1,1,1,1,1,1,3,3,6
R_2WMDJMypPIWz4VX,0,0,0,0,1,0,1,0,1
R_3Dd1cxmM6QNnzV9,0,1,1,1,1,1,2,3,5
R_111TnE6yXifnE2W,1,0,0,0,1,0,2,0,2
R_2fqx96HZiUKOUFO,1,0,0,1,1,1,2,2,4
R_245xlKpiX0DJ3Sd,0,1,0,1,0,1,0,3,3
R_1I5V2tlto9URwjU,1,0,1,0,1,0,3,0,3
R_sNp2ldaKhjJfJn3,1,1,0,1,1,1,2,3,5
R_2rZoqHdWmE1eFdZ,1,1,1,1,1,1,3,3,6
R_3j2PQJKBVxZXCKt,1,1,0,0,0,1,1,2,3
R_2wLiLG0otMPtSVX,1,1,0,0,1,0,2,1,3
R_1o86qJpTx1kCs27,0,0,0,0,1,0,1,0,1
R_3Hwfq0I9Lwx3Iy3,1,1,1,0,1,0,3,1,4
R_SDlIHoVMXX3Tnq1,1,1,1,0,1,1,3,2,5
R_3DqqIwn24J1mUM8,1,0,1,0,1,0,3,0,3
R_2CBW5FkNftVXNiX,1,0,0,1,1,1,2,2,4
R_3JjRGZesjcENebC,1,0,0,0,1,1,2,1,3
R_3Mhel0eSOejJuGI,1,1,0,1,1,0,2,2,4
R_3kM14PGBCt2fOvf,1,1,0,1,0,1,1,3,4
R_20tAGPiBUrfRcAN,1,1,1,1,1,1,3,3,6
R_3ssjCiYZXGA1GZS,1,1,1,1,1,1,3,3,6
R_2SGP5nw7dxpn8LJ,0,0,0,0,0,0,0,0,0
R_1pldT2TID5vcJ19,1,0,0,1,1,0,2,1,3
R_cHiKwKkhJfMaFX3,1,1,0,0,0,0,1,1,2
R_3iJtvCDGAM0WdfF,0,1,1,0,0,0,1,1,2
R_25YC4a1MWOVh9fg,0,1,0,1,0,1,0,3,3
R_1LBeyeBINnWGqOk,0,1,0,1,1,1,1,3,4
R_eu6c23q93aVgw3T,1,0,1,0,1,0,3,0,3
R_9FGOexCsxcWJB85,1,0,0,1,1,1,2,2,4
R_3PNbR4MyWEHVVo2,0,1,0,0,0,1,0,2,2
R_cBivyjElhr82INz,0,1,1,1,1,1,2,3,5
R_331HC0BAFGsBELO,0,1,1,1,1,1,2,3,5
R_2TpfSbJh6FxEdOD,1,1,0,0,0,0,1,1,2
R_UQlTzUMxnYiHabD,0,1,0,1,1,1,1,3,4
R_yPZ8IwWiayYOIut,0,1,0,0,1,1,1,2,3
R_XzTXYsN4uJJhiJH,0,1,0,1,1,1,1,3,4
R_2WIls99V1JrPkLj,1,0,1,0,1,1,3,1,4
R_2wN7JLCQ8JChwR4,1,1,0,0,1,0,2,1,3
R_2lybqqPo2bQF9Ch,1,1,1,1,1,1,3,3,6
R_1Cd68lDfEhOQQI9,1,0,0,1,0,0,1,1,2
R_2VKpOOL0OjG26ZS,0,0,0,0,1,0,1,0,1
R_3feNswQBVCe6Txx,1,1,1,1,1,1,3,3,6
R_T0Cv5WPQvOZUQ8N,1,0,0,1,1,0,2,1,3
R_2f3XysOFoxCelJg,1,0,0,1,1,1,2,2,4
R_UDZ0Li5RXDJcaY1,1,0,1,0,1,0,3,0,3
R_21yXTNGMCVe39Dm,1,1,0,1,1,1,2,3,5
R_vYqOWjIjukoc7fz,1,0,1,0,0,1,2,1,3
R_PZBFNnxITK2bpGF,1,1,1,1,1,1,3,3,6
R_XGGbCudb3N9dUCB,0,0,1,1,1,1,2,2,4
R_3fvFKR4jSrLeNCU,0,1,1,1,1,0,2,2,4
R_1joGBEXBKzYrKbb,1,1,1,1,0,0,2,2,4
R_21I0l5jKz1I3fAR,0,1,0,1,0,1,0,3,3
R_3KJklKwDvaHTRWK,1,1,1,1,1,0,3,2,5
R_3e4BDPNhiK4ARPB,1,1,1,1,1,0,3,2,5
R_sdIZhkKi6oRMyM9,1,0,1,0,1,0,3,0,3
R_3jugdIghPG5MM3T,1,0,0,1,1,1,2,2,4
R_1Fs3kvB5CHaAO4d,1,1,0,1,0,1,1,3,4
R_1dyPgfMKwb0WUI0,1,1,0,1,0,0,1,2,3
R_p5WOGm2vvHeaeVb,0,1,1,0,1,0,2,1,3
R_5vFQZBIBYCLr0I1,1,1,0,1,1,1,2,3,5
R_30leJqDBUQdjN6P,0,0,0,0,0,1,0,1,1
R_1rqskotb14MSQ2h,0,1,0,0,1,1,1,2,3
R_2zIv34Fr7ar1zDC,1,0,1,0,1,0,3,0,3
R_1mws3j1hzuQUA76,1,0,1,1,1,1,3,2,5
R_1mgbJWb1yXgc4X9,1,0,1,1,1,0,3,1,4
R_ZBOB9JwuUpcj8yt,1,0,0,0,0,0,1,0,1
R_3e37v62QH7Z565U,0,1,1,0,0,1,1,2,3
R_2X7KazO5hEldKXh,1,0,1,0,1,0,3,0,3
R_1ochtQqz17TWjoE,1,1,1,1,1,1,3,3,6
R_115iwos8GGSqhoy,0,0,1,1,1,1,2,2,4
R_1ODDbOXJ0TeQz9W,1,0,1,1,1,1,3,2,5
R_1eEqKmtvMjz5S1a,1,0,0,0,0,1,1,1,2
R_1KjUxMUeaoaLI6p,1,0,1,1,1,1,3,2,5
R_3RjFGvVa68onKHf,1,0,1,1,1,0,3,1,4
R_1ln1N10nHL0pJsY,1,0,0,1,1,0,2,1,3
R_3fBKiyibb05zU7k,0,1,1,0,0,1,1,2,3
R_T7NVVPuF78BQEVz,1,1,0,0,1,0,2,1,3
R_20Oq0t8sMY23kJm,1,0,0,1,1,1,2,2,4
R_5dsxLbd1oqRmNEJ,1,1,1,1,1,1,3,3,6
R_240M2IcGESCWVQc,0,1,1,1,1,1,2,3,5
R_1cS41pRd6grUz0u,1,0,1,0,1,1,3,1,4
R_uvLJ8mfH39UzX4l,1,1,1,1,1,0,3,2,5
R_3gUb1sRrbqPY6AE,0,1,1,1,1,1,2,3,5
R_12KXJqWaZx5uF9n,1,1,1,1,1,1,3,3,6
R_3D2e0rapQOEEPzm,1,1,1,1,1,1,3,3,6
R_UKh5SDnDZIQmIcp,1,0,1,0,1,1,3,1,4
R_2QJSuXrA5GOiI7I,1,1,0,0,1,1,2,2,4
R_cD6dY8xhFYGteSZ,1,1,1,1,0,0,2,2,4
R_3DvSCXmepofZnMB,1,1,1,0,1,1,3,2,5
R_1OVkf6RSzIQMSLu,1,1,1,1,1,1,3,3,6
R_Td2YJMyB1iiINXP,1,1,1,0,1,1,3,2,5
R_9MGTGn7i6ymr4zL,1,1,0,1,1,1,2,3,5
R_Q4lTLcWhl89Yi3f,0,1,1,1,0,1,1,3,4
R_3PTyL75fFzWmgLI,0,1,1,0,1,1,2,2,4
R_1GB53VxxZBWVgev,0,1,1,1,1,0,2,2,4
R_29ivxyk4FCisobr,0,1,1,1,1,1,2,3,5
R_3D5h8bd9uHSES6r,1,0,0,1,1,0,2,1,3
R_2OMFUtqvijQZShM,0,1,0,1,0,1,0,3,3
R_1MXRukxMQUSqTxf,1,1,0,1,1,1,2,3,5
R_24qSj5VmD97x5Yf,1,0,1,0,1,0,3,0,3
R_3nIA4wjJRdWmCcj,1,1,1,0,1,0,3,1,4
R_43puqcUjvmXZ10R,0,0,1,1,1,1,2,2,4
R_25uvxVntGFlnW9S,0,1,0,1,1,0,1,2,3
R_2VNEvc3q6A8JADK,1,0,1,0,1,0,3,0,3
R_XNVyVAccAvAKJEJ,1,1,1,1,0,1,2,3,5
R_1E5LV9WhaD3M6rw,0,0,0,0,0,0,0,0,0
R_1DNm2CPcNgThneS,0,1,0,1,1,1,1,3,4
R_zezjsbWr61HVFNT,1,1,1,0,1,1,3,2,5
R_2tGwVdzgKunK8sQ,0,0,0,0,0,0,0,0,0
R_3J30uKz1oB2Qrpz,1,1,0,0,1,0,2,1,3
R_3hGvvcJgO9QlCKV,0,1,0,0,0,1,0,2,2
R_1mkO8LqudyRFYRU,0,1,0,1,0,1,0,3,3
R_30jfWxDZTccF6FX,0,0,1,0,1,1,2,1,3
R_7TLirvRNV7w30Qx,1,1,1,1,1,1,3,3,6
R_1ddb3dr1AjbHpzj,1,1,1,0,1,1,3,2,5
R_WlKAiCCBLnPpEBz,1,1,0,1,0,1,1,3,4
R_3CCJQgC12Hwcub7,1,0,1,0,1,1,3,1,4
R_OCEnfuy9HGGrVV7,0,1,1,1,1,1,2,3,5
R_3NJtPAqG4b2DScp,1,0,1,0,1,1,3,1,4
R_3p4poOBn2YXGXkn,1,1,0,0,0,1,1,2,3
R_AL4ai6o9obJHx5L,1,1,1,0,1,1,3,2,5
R_2P71FDMBtDPaCns,1,0,0,1,1,1,2,2,4
R_sL5qMCpwPtWOSXL,0,1,1,1,0,0,1,2,3
R_3R4lvUvjbwswaBh,0,0,0,0,0,0,0,0,0
R_2QEeRxbp8otK7M7,0,1,1,1,1,1,2,3,5
R_2Ua5Uh0uSGlDs8c,1,0,1,0,1,1,3,1,4
R_3ERTLfoR4EMEUzG,1,0,1,0,0,0,2,0,2
R_RWWnNrVtGIc52yB,1,0,0,1,1,0,2,1,3
R_1QuOp3zBoctNGJn,1,0,1,1,1,1,3,2,5
R_3hcmysYtHYMIGmC,0,1,0,0,0,1,0,2,2
R_2TphnNj0eczh4k2,1,0,1,1,0,0,2,1,3
R_27qBGh22uC6DBi4,1,1,0,0,0,0,1,1,2
R_31hYcjgumFDQ2sT,1,0,0,1,0,0,1,1,2
R_3PEJgz3cV73aD7J,1,0,1,0,1,0,3,0,3
R_2bKuoN7lGZseyJ0,1,1,0,1,1,1,2,3,5
R_3GcTnq6RIUPSMcZ,1,1,0,1,0,1,1,3,4
R_3fOuWgfuVt9Q4pu,1,0,0,1,1,1,2,2,4
R_3JLswMQobuXiOXC,1,0,1,0,1,1,3,1,4
R_1DLHMi2dgq4zS08,1,1,1,1,1,1,3,3,6
R_3MGuqTBaRK4ip4v,0,1,0,1,0,1,0,3,3
R_xz9UPJsKLkoxhzb,1,1,1,0,1,0,3,1,4
R_2QlecwgU0nnqCls,0,0,0,1,0,1,0,2,2
R_ULUvA6pqFFYVHvX,1,1,0,1,1,1,2,3,5
R_3Rz8j9JiFEuAhur,0,1,0,0,0,1,0,2,2
R_1CxBDASJcMx0fWB,1,1,0,1,1,1,2,3,5
R_tXa70vjSi9lHJmx,1,1,1,1,1,1,3,3,6
R_1C9e5lY5wIB72xG,1,1,0,1,1,0,2,2,4
R_3ktwHsrfe9T6tzp,1,1,1,1,1,1,3,3,6
R_2DTcFksWdaXHlyC,1,0,1,1,1,0,3,1,4
R_2SctJfZjsJG8xUd,1,1,0,0,1,1,2,2,4
R_2uU8I057sdZoRlb,1,1,1,1,1,1,3,3,6
R_2uvnE1q5pKuPn4v,0,0,0,0,1,1,1,1,2
R_3Dc4u1saEsWm58C,1,0,0,0,1,0,2,0,2
R_zcW9j2rfu9vuvBL,1,0,1,1,0,0,2,1,3
R_3isvbZLgF86OqlS,1,1,1,1,1,0,3,2,5
R_1romdr3FePhUq68,1,1,1,0,1,1,3,2,5
R_3nwrlQs6uu1IJN4,1,0,1,1,1,1,3,2,5
R_vkHEMd3mzyw2hEt,1,1,0,1,1,1,2,3,5
R_2eQocvWa5mDocNH,0,1,1,0,0,1,1,2,3
R_2wTVgpK4hrxte7k,1,0,1,0,1,0,3,0,3
R_3p9A7ctHkDqkX32,0,1,0,1,1,0,1,2,3
R_3OitLwsKDTrqcnN,0,1,1,1,1,1,2,3,5
R_10OFfnBrarXpZnx,0,1,1,0,1,0,2,1,3
R_3Kwq2FVUbi7FIRX,0,0,0,0,1,0,1,0,1
R_1LGmZMxTc9th7gf,1,1,0,1,0,1,1,3,4
R_BXJcRrdpp2t0fgl,0,0,1,1,0,1,1,2,3
R_5oFN6C7rNltMa7T,1,1,0,1,0,1,1,3,4
R_USeTisDJVSa3kUp,1,0,0,0,1,0,2,0,2
R_23difKdGXrQgMhF,1,0,1,0,1,0,3,0,3
R_28NvoYMKZt8dehg,1,0,0,0,1,0,2,0,2
R_1oaJOMjloGgxgAE,0,0,0,0,1,1,1,1,2
R_9S8160451u1lEqJ,1,0,0,0,1,1,2,1,3
R_3rGqR9RNh51bLMs,1,1,1,1,1,1,3,3,6
R_A6aki09GwBTy6Up,1,1,0,0,0,1,1,2,3
R_2c17u1TBa8R1LEE,1,0,1,1,1,1,3,2,5
R_vxeDbbY0nuU3hMR,1,1,0,0,1,0,2,1,3
R_2EtTOzAnmpc0VeK,0,1,1,0,0,0,1,1,2
R_1BXkm6dBi2Ngfgm,0,1,1,1,1,1,2,3,5
R_1FFFFEW8xKaSJFS,0,1,0,1,0,1,0,3,3
R_1Fm4tzC4awssz8W,1,0,0,0,1,1,2,1,3
R_3PhPIMGRDmoTP96,1,1,0,1,1,0,2,2,4
R_3pgxP4Cmehz2jnb,1,1,1,1,1,1,3,3,6
R_1KpOh5DZQR88tul,1,1,0,1,1,1,2,3,5
R_vAhBgCfVo5Arjgd,1,0,0,0,0,0,1,0,1
R_2TWQqVEWZltCqr5,1,1,1,1,1,0,3,2,5
R_3k7jBenBD9BdaEt,1,1,0,0,1,1,2,2,4
R_1OV4wHUZy3PyP6D,1,1,0,1,0,1,1,3,4
R_3fdWmlTZi8atFUO,1,1,0,0,1,1,2,2,4
R_22JI1VucIhWrRNE,1,0,0,1,1,1,2,2,4
R_1Qae9Ejj4AccHGF,0,1,0,0,1,0,1,1,2
R_2qxhGt39SN9FVJA,1,0,1,1,1,0,3,1,4
R_2bK647OxkfOU15m,1,0,0,1,1,0,2,1,3
R_2wMnYrt3DYUEpub,1,0,0,0,1,1,2,1,3
R_1ooSBnT0XbVKgVB,0,1,0,1,1,0,1,2,3
R_2b1THk76A4knGvu,1,1,1,1,1,1,3,3,6
R_21v01c6I3GZwQAl,1,1,0,1,1,1,2,3,5
R_3PuBIv4x6v7ouMK,1,0,0,0,1,1,2,1,3
R_86MZZLq38udY6E9,1,0,1,1,1,0,3,1,4
R_3iCDpxRMxhlw4dd,0,1,0,1,0,1,0,3,3
R_57OWs3hjvW7a0KZ,1,1,1,1,1,1,3,3,6
R_RFgywfbDgM4dGqR,1,1,1,1,1,1,3,3,6
R_3QVgYwiwFYmgcak,1,1,1,1,1,1,3,3,6
R_1HnPJW0086BHpkT,0,1,0,1,0,1,0,3,3
R_sNK95DAvALNkDEB,0,1,0,1,0,1,0,3,3
R_eWYmzYRfzBmHWF3,1,1,1,0,0,0,2,1,3
R_1FmF558sXfo7lqc,0,1,1,0,1,1,2,2,4
R_3n64s9oL4Ta70Q3,1,1,1,1,1,1,3,3,6
R_2aXjsefJKAqs5Xt,1,1,0,0,1,0,2,1,3
R_a4OiWkd9S3aktH3,1,0,0,0,1,1,2,1,3
R_3gRep2skdbSK6Yy,1,1,0,0,1,1,2,2,4
R_3qxU1YKNCOVFvnx,0,1,0,1,0,1,0,3,3
R_3hok9BWygePB07R,1,0,1,0,1,0,3,0,3
R_3fxhQdmBnlUFBRv,1,0,1,1,1,1,3,2,5
R_1dmdyllWi4xP1h9,1,0,1,0,1,0,3,0,3
R_1rqPPhxRdQz32Sm,0,1,0,0,1,0,1,1,2
R_rqLo3LR5R1hSHIJ,1,0,0,0,1,0,2,0,2
R_XBOol0GbThd1hyp,1,1,1,1,1,1,3,3,6
R_3stAi7D8IeXa8qi,0,1,0,0,1,0,1,1,2
R_eQldOYahetUb1Jf,1,0,1,1,1,1,3,2,5
R_3m1YDP8WrGjo89q,1,1,0,0,1,1,2,2,4
R_0cy5qgo5k6XgQ7f,1,1,0,1,1,1,2,3,5
R_3MyBP6UQVJkPCcJ,0,1,1,1,1,1,2,3,5
R_tQjTJjbe2UjkVLH,0,1,0,0,0,1,0,2,2
R_2dsGd7fKhnmSY7q,1,0,0,1,1,1,2,2,4
R_1lyQcqq6CdRoPrm,1,0,0,1,1,0,2,1,3
R_0dLmGExTPQ2mAEh,0,1,0,0,1,1,1,2,3
R_11XveO4jhyQ7psw,1,1,0,1,1,1,2,3,5
R_CfvlyFz4li7Pkm5,1,1,1,1,1,1,3,3,6
R_2xEEVWlRB6lkw27,1,1,0,1,1,1,2,3,5
R_1dbLkeHpgWF1zAY,1,1,0,1,0,0,1,2,3
R_yqenkm3PqxoVRBv,0,0,0,1,0,1,0,2,2
R_2QzUc51ZyBWJjtQ,1,0,1,0,1,0,3,0,3
R_3O0OgYPTnXaaFOu,0,1,1,0,1,0,2,1,3
R_3qr4td06HNgOXaO,1,0,0,1,1,1,2,2,4
R_cMbKOr2zYVRvytX,1,1,0,0,1,1,2,2,4
R_1NwEgRm6nKg3i3j,0,0,1,0,1,1,2,1,3
R_82GsPW151ikcfAJ,0,1,1,0,1,0,2,1,3
R_aeEf8DYUa2BJEYN,0,1,0,1,1,1,1,3,4
R_2upsoMKxjuOXA28,1,1,1,1,1,1,3,3,6
R_2aY7dS3FvsOuAu0,1,1,1,1,1,0,3,2,5
R_C22RUXMUjxHZBmN,1,1,1,1,1,1,3,3,6
R_1LaUM8jaNIoevG9,0,0,1,0,0,1,1,1,2
R_31Hn8xrpgiEpkLq,0,1,0,1,0,1,0,3,3
R_3EirHLzY7SJOIsZ,1,0,1,0,1,0,3,0,3
R_6R1VB63Kk9I9QT7,1,0,1,0,1,0,3,0,3
R_3D888w7FqoCJ2IZ,0,1,0,1,0,0,0,2,2
R_W9kxclOTO8WI2tP,1,1,0,1,1,1,2,3,5
R_udMz6QXoOyuASQh,1,1,1,1,1,1,3,3,6
R_3scASAlajhXmWXz,1,0,0,0,1,0,2,0,2
R_3JmAcy09wbbkx1I,0,1,0,0,1,1,1,2,3
R_3dVXUfektOy2aRO,0,0,1,1,0,0,1,1,2
R_V3bHKLUH8qH11eN,0,0,1,0,0,0,1,0,1
R_1MKARmhuAl3xenf,1,1,1,1,1,1,3,3,6
R_3MKXDTnissOWuuD,1,1,0,0,0,1,1,2,3
R_3ly2xZfD10hvXpj,1,1,0,1,1,1,2,3,5
R_1j7Bg1IAp5EDmDq,1,0,1,1,1,1,3,2,5
R_3dRKIwAAkctBbak,1,0,0,0,0,0,1,0,1
R_1CEzZwRf50eQTmE,1,0,0,1,1,0,2,1,3
R_2c6kx6xW9EAyN8s,1,0,0,0,1,1,2,1,3
R_2zApheAI5f9tveK,1,0,1,0,1,1,3,1,4
R_1E6FdnDxoTdIUmR,1,0,0,0,1,1,2,1,3
R_2qz7mBJH22kz4Rv,1,0,1,0,1,0,3,0,3
R_vDD0CACZrR0TTbj,1,1,1,1,1,1,3,3,6
R_2YgZv0gjLDbPJ4s,1,1,1,1,1,1,3,3,6
R_3P6r5Cz3JZswnGO,0,0,0,0,0,0,0,0,0
R_1M71Re22L91KN4X,1,1,1,0,1,1,3,2,5
R_3lM7RUXQ26hh6fs,1,1,1,0,1,1,3,2,5
R_3G70nu2RmH8g4MW,1,1,1,1,0,0,2,2,4
R_3iqatLWiTWpSsRd,1,1,1,1,1,1,3,3,6
R_1dN5rFsGgaSYNnd,1,1,1,0,1,1,3,2,5
R_1ie932CBcgFFlYw,1,0,1,0,1,0,3,0,3
R_26fMwTK5OkgKp4d,0,1,0,1,0,0,0,2,2
R_2E47t2bRdlvVsyy,1,1,0,1,1,1,2,3,5
R_2cq1J1fWkHBFS3L,1,0,0,0,1,0,2,0,2
R_2qxGf5kJEiEM69c,0,0,0,1,1,1,1,2,3
R_2rGcLhiu9S3tMfu,0,1,1,1,0,1,1,3,4
R_24NMVbeqCoEDC4h,1,0,0,1,1,1,2,2,4
R_Q6LQ19KgMPdX1IZ,1,1,0,1,1,1,2,3,5
R_3h5BCTh3itaJREA,1,1,0,1,1,0,2,2,4
R_0wvGeSIZj1tFudX,0,0,1,0,1,1,2,1,3
R_2R9ONEBNzQ3RHRY,0,0,0,1,1,0,1,1,2
R_z6DNTwguXEslWnL,1,1,0,0,1,1,2,2,4
R_2CvT1DP7mxRL5f3,1,1,1,1,1,1,3,3,6
R_AyQj6Qa2Zxe61DX,0,1,1,1,0,0,1,2,3
R_0OPLZoCVgslBvR7,1,1,0,1,0,1,1,3,4
R_2UixsudjdDfVwnC,1,0,1,0,1,1,3,1,4
R_2PnxXN4otM2YJRk,1,0,0,0,0,0,1,0,1
R_2EH8Uds8HhiRjEr,1,1,1,1,1,1,3,3,6
R_2zD4Gvj8TpjTUYa,1,1,1,1,0,1,2,3,5
R_paYz5ub3PVHUr8l,1,1,1,1,1,1,3,3,6
R_7VvqjWub9xmwiGd,0,1,1,1,1,1,2,3,5
R_yClPJMH4GfkY0XT,1,0,1,0,0,1,2,1,3
R_2SHmlRckyYzKeSr,1,1,0,1,1,1,2,3,5
R_wTOSMEdPl9NmrW9,1,0,1,1,1,1,3,2,5
R_1BPYAQuWZKHXzQD,1,1,1,1,1,1,3,3,6
R_1MSQ8FFC6BOm1b8,1,0,0,0,1,1,2,1,3
R_3qpXtZUo8Yp9JUi,1,1,1,1,1,1,3,3,6
R_0ka3d96ZDGJDKOl,1,1,1,0,1,0,3,1,4
R_1DqC3dT0WG3FDjA,1,1,0,1,1,0,2,2,4
R_1gbRDRUQZ3IODjH,1,1,0,0,0,1,1,2,3
R_25zn4G5zwHYjFNi,1,0,0,0,1,0,2,0,2
R_3nHlSgpHTYvLVSw,1,0,1,1,1,1,3,2,5
R_vIGNIWmfIEIJduN,1,1,1,1,1,1,3,3,6
R_1kNwISuI5fcJwaf,0,1,0,1,1,0,1,2,3
R_3ktT8vh21cPzTF9,1,0,1,1,1,0,3,1,4
R_333Gy3ZKolqd2Dl,1,0,0,1,1,0,2,1,3
R_Q0QMzlGa3PWVf0d,0,0,0,0,0,1,0,1,1
R_3dLjGQGx6d0gO4Q,1,0,1,0,1,0,3,0,3
R_3Ldr3gYFJcpUcmf,1,1,0,0,1,1,2,2,4
R_OpdGXcqkbRYXnJT,1,1,0,0,1,1,2,2,4
R_2qs1e0u91qZQ2cY,1,1,0,0,1,1,2,2,4
R_2PtxB4KW9GOyenz,1,1,0,0,0,1,1,2,3
R_51MBXWGAVafiTpT,1,1,1,1,1,0,3,2,5
R_3MrL1bG2zGDXOV5,1,0,0,0,1,0,2,0,2
R_25TrMV4O2ztdQ4p,1,1,1,1,1,1,3,3,6
R_a5mDYptwbw6UK1H,1,1,1,1,1,1,3,3,6
R_10DAV8YmqYSbWok,1,0,1,0,1,0,3,0,3
R_2fxm4ILOA9yFlU7,0,1,1,0,1,0,2,1,3
R_21ynuwPr1RcI9Vo,0,1,0,1,1,1,1,3,4
R_3qWBImkUmP18gGt,1,0,0,1,1,1,2,2,4
R_3GDpXFGm0rEh8dv,1,1,1,1,1,1,3,3,6
R_3kHqDrJCjUrZmRm,1,1,0,0,1,1,2,2,4
R_8CdOnqKp4sQNFxD,1,1,1,1,1,1,3,3,6
R_2QEwfMong47biiN,1,0,0,0,1,1,2,1,3
R_1jHhiDV6cveY9FT,1,1,0,0,1,1,2,2,4
R_vAKUdbRi3aQ1BxT,1,1,0,1,1,1,2,3,5
R_1d4x8Dyify3EQX8,1,0,0,1,1,1,2,2,4
R_2uQl71GnYj84h7J,1,0,0,0,1,1,2,1,3
R_24bEUVrgXUylCwY,1,0,0,0,1,0,2,0,2
R_3sKbaEchSKEjmcp,1,0,0,1,1,1,2,2,4
R_aaP7yOCFUcZy2bf,1,0,0,1,1,0,2,1,3
R_DvrQaph8BrrgxVv,1,1,0,1,1,1,2,3,5
R_2wowC4xTxN7EBHD,1,0,0,0,0,0,1,0,1
R_3QKOzcfKQUcR2JN,1,1,0,1,1,1,2,3,5
R_25ZrgCAF8eKFiUw,1,1,0,0,0,0,1,1,2
R_8i6iYpW0GUniSpX,0,1,0,0,1,1,1,2,3
R_27Cl7Mlpi2oe91m,1,0,0,1,1,1,2,2,4
R_1qgHxHYg1qeZl2J,1,1,0,0,1,1,2,2,4
R_2eOs2iaNUXN6Vap,0,1,0,1,1,1,1,3,4
R_1i27wrGovJEEjuu,1,0,1,0,0,0,2,0,2
R_vSJNWXbVP6EgGqd,1,0,0,1,1,1,2,2,4
R_2agHC9G1sMxWsZ7,0,1,0,1,0,1,0,3,3
R_1q3vhsmRooumR6e,1,1,0,1,1,0,2,2,4
R_z7rFGuQ5NktSL1D,1,0,0,1,1,0,2,1,3
R_1M6D1Fcgqq3Lles,1,1,1,1,1,1,3,3,6
R_10CK8olh0NSRAPc,1,1,0,0,1,1,2,2,4
R_1MZnM2nkle65M5K,1,1,1,1,1,0,3,2,5
R_1Ooz7rM33iGUhW7,0,1,0,1,0,1,0,3,3
R_2R2hQwlngegrnte,1,1,0,0,1,1,2,2,4
R_2f41F8G2dKurRI2,0,1,0,1,0,1,0,3,3
R_2tqY5zJpJ39BKBR,1,0,1,0,1,0,3,0,3
R_27lmrtOYknHNpaE,1,0,0,0,1,0,2,0,2
R_b1NGURrjgMrZyzT,1,0,0,0,1,1,2,1,3
R_5uWdLfrawHL5ZcZ,1,0,0,1,1,1,2,2,4
R_2v5O2tg7qMZ6PuI,1,0,1,1,1,1,3,2,5
R_3CCzfiCW9GLQYKC,0,1,1,1,0,0,1,2,3
R_3UCZeLuCYsOTuFP,1,1,1,1,0,1,2,3,5
R_1ILstQk8Xj6Hl7b,1,0,1,0,1,0,3,0,3
R_3GctS3xTbUy3ZaI,0,1,0,1,0,0,0,2,2
R_1IhLRCa14YlX03u,1,0,1,0,1,0,3,0,3
R_x6jyQEoyCCXMIAF,1,1,1,1,1,1,3,3,6
R_1zQa0sNkAyazUXf,0,0,0,0,1,1,1,1,2
R_3RqgQdG5QjXT7H5,0,0,0,0,0,1,0,1,1
R_r8x3dFmY61bC62d,1,0,1,0,1,0,3,0,3
R_Z4S8VzSumv8Fi1z,1,1,1,0,1,0,3,1,4
R_PMMqkz2ioux9zNf,1,0,1,0,1,1,3,1,4
R_3qUNvumKfiDWYi5,0,0,1,1,1,1,2,2,4
R_1eQ6c64U2rMWUqe,1,1,0,0,1,0,2,1,3
R_2PCocVe19Q0omek,1,1,0,1,0,1,1,3,4
R_2U5w2z3yNTyRaQj,1,1,0,0,1,1,2,2,4
R_2VwN9tjyMbVMmtg,1,1,0,0,1,0,2,1,3
R_cw2hqGXo10N32WR,1,1,0,0,0,1,1,2,3
R_3eyKlFJ4lbKLFEU,0,0,1,1,0,0,1,1,2
R_3JlSdUiWM35jyNe,1,1,1,0,1,1,3,2,5
R_ykZglD2dg0QgEHT,1,0,1,0,1,1,3,1,4
R_3HqAgQUKzs4zU0x,1,1,0,0,1,0,2,1,3
R_29b87q9MRovGltm,1,0,1,1,1,1,3,2,5
R_1kSThr1LKEnkY4Z,1,1,0,0,1,0,2,1,3
R_1GB2f22ivy22fDq,1,1,1,0,1,1,3,2,5
R_2BrGnkVL0bM0nmJ,1,0,1,0,1,0,3,0,3
R_2Pi33kTkoh5q6cG,1,1,1,1,1,1,3,3,6
R_xE3snrlNhyHjj2x,1,0,1,0,1,0,3,0,3
R_eG9wrTFqDEa3CzD,1,1,1,0,0,0,2,1,3
R_WCWRD7yfV8CSvDz,0,1,1,1,0,0,1,2,3
R_3hEdt9tlkQLktUK,0,0,0,0,1,0,1,0,1
R_3hllDZGRGHRnHIU,0,1,1,0,1,1,2,2,4
R_3sYYUtT83xp9qtH,0,1,0,1,0,0,0,2,2
R_2rYFzwDDzWxT1Gz,1,1,0,1,1,1,2,3,5
R_1j7Luyj0QY375zg,1,0,1,0,1,1,3,1,4
R_2q4twyuKFBCYOQi,1,0,0,0,1,0,2,0,2
R_2EAykKmf5yjxzHC,0,1,1,1,1,1,2,3,5
R_Wc8K0bTS0tc5SI9,0,0,0,1,1,1,1,2,3
R_1gw4vvyybwamjQD,1,0,0,1,1,0,2,1,3
R_1oC53vOK3JNWVdo,1,1,1,1,1,1,3,3,6
R_1dGOWcS0BkRBILA,1,0,1,0,1,0,3,0,3
R_8q46Fjd6jwnukgh,1,1,1,0,0,1,2,2,4
R_DofObyXbhkxUsuZ,0,1,0,1,0,1,0,3,3
R_1dGjlDSJv2i8j7U,1,0,0,0,1,0,2,0,2
R_8BUgCMP34wvlOVz,0,0,1,0,1,1,2,1,3
R_2CppLeFVRDgczfT,1,1,1,1,1,1,3,3,6
R_1dH0COwvLHWHB3J,1,1,1,1,1,0,3,2,5
R_3fT3gvwV22togyt,1,0,0,1,1,0,2,1,3
R_1ieBYckpE3oHxhj,1,1,1,1,1,1,3,3,6
R_2uQAYDukDtEKaun,1,1,0,0,1,0,2,1,3
R_1fdaAEGThV9k0KN,1,1,0,1,1,1,2,3,5
R_pyErTIkIoh9nrup,1,0,1,0,0,0,2,0,2
R_3snMA9azilQUQkz,0,1,0,1,0,1,0,3,3
R_3Gd0ryI8dLFPgLJ,0,1,0,0,1,1,1,2,3
R_324sp3cRIwADOxY,1,0,0,1,1,0,2,1,3
R_3nH1iteDnSY6TwV,1,0,0,1,1,0,2,1,3
R_3lsRyOGDdD6Ymjf,1,1,0,0,1,1,2,2,4
R_Z4E20As7awNBpOp,1,0,1,1,0,1,2,2,4
R_3pAAVwfaBdBboY1,1,1,0,1,1,1,2,3,5
R_Ah9OjMJ12gwixTX,1,1,0,0,0,1,1,2,3
R_3Rf10FliW7nQ2rc,1,1,1,1,1,1,3,3,6
R_21zkjU6voEsxltF,1,1,1,1,1,1,3,3,6
R_vYp4NLRMkfL99PX,1,1,0,1,1,1,2,3,5
R_pMXTy6l9B7mYVtT,1,1,1,0,1,1,3,2,5
R_2dXg1yd4iE2gTRz,0,1,0,0,1,0,1,1,2
R_BEduTc3N10xY16p,1,0,0,1,1,1,2,2,4
R_3qVdPZ5sP6JwEVq,1,1,1,1,1,1,3,3,6
R_beyAcVjZn1EJOz7,0,1,0,0,0,0,0,1,1
R_SNqBraePn9yKBxv,1,0,0,0,0,1,1,1,2
R_2ANh3ccnUTRzrfE,1,1,1,1,1,1,3,3,6
R_1eIxsaNUPJdGvai,0,1,1,1,0,1,1,3,4
R_tErjkCloDaLXD9v,1,1,0,0,1,1,2,2,4
R_2TSGvCSjBX4Zs9b,1,1,1,0,1,1,3,2,5
R_3HXG8uXtiS6jwjK,1,0,0,1,1,1,2,2,4
R_10NKvN7M6Ye54oY,0,1,0,0,0,1,0,2,2
R_2rB1X6jGV9VsnCh,1,1,1,0,1,1,3,2,5
R_2y25rECo9Bm363q,1,1,1,1,1,0,3,2,5
R_3LgObVPeoKAYkwR,1,1,1,1,1,1,3,3,6
R_1HsH8Q5UwLFRKEh,0,1,0,0,1,0,1,1,2
R_1Xq9kX4zsWLrSCt,1,0,0,0,1,1,2,1,3
R_1BPgLKjUa4i90Rd,0,0,1,1,0,1,1,2,3
R_2CWeJeaWZLIRlL9,0,0,1,0,1,0,2,0,2
R_1QmZr5WE05koIwx,0,1,0,0,0,1,0,2,2
R_bgwXLZYB1wtCO9H,1,0,0,0,1,1,2,1,3
R_1EbzhzZCnRVJsz5,0,1,0,1,1,0,1,2,3
R_2ByBwMmm19qiy7M,0,1,0,1,0,1,0,3,3
R_3OdJGIKhshtWpIT,1,1,1,0,1,1,3,2,5
R_31N3Uum99zHG39A,0,1,0,1,0,1,0,3,3
R_2Vy8zzGPpZMpj72,1,0,0,0,1,1,2,1,3
R_1fcFNKFElfwCQWQ,0,0,0,0,1,0,1,0,1
R_eKT7wvCQb5cU6WZ,1,1,0,0,1,1,2,2,4
R_3HiX9c7SfmGtX7z,0,1,1,1,0,1,1,3,4
R_27Qmu7aulPSTXCQ,1,0,0,1,1,0,2,1,3
R_T0khiml8iO23LmF,0,1,0,1,0,1,0,3,3
R_tRsyTjVdldm8IU1,1,1,1,1,1,0,3,2,5
R_RWtz8LwVG74kUg1,0,1,0,1,1,1,1,3,4
R_2QEVd6lernbI1dM,0,1,1,1,1,1,2,3,5
R_3QJmzbBdM22qLsa,1,1,0,1,0,1,1,3,4
R_1gMvudPoVlpEARb,1,1,1,0,1,1,3,2,5
R_DAGOjeGqNsGqPxD,0,1,1,1,0,1,1,3,4
R_3rPr7HHipCQZUSx,1,0,0,1,1,1,2,2,4
R_1DY0i4m6u3ZQBPi,0,1,0,1,0,1,0,3,3
R_8f5uspq37oNsPGp,1,1,0,0,1,1,2,2,4
R_246Oz2iNiyKmeIS,0,0,1,1,1,1,2,2,4
R_2qauUZiRiBtlSGn,1,1,0,1,1,1,2,3,5
R_6PAVgPjsWEDbcMp,0,1,1,0,0,0,1,1,2
R_8cRwfUk2ZCZKLg5,1,1,1,0,1,1,3,2,5
R_3g5ADrOv6wTvOOl,1,1,1,0,1,1,3,2,5
R_3rSxOdMAd2YmiIq,0,0,0,0,0,0,0,0,0
R_5Kct10oo1Pwfx2p,1,1,0,0,1,1,2,2,4
R_6NmNbhrU17SZFtc,0,0,0,0,1,0,1,0,1
R_7CBOoj1A16bxigc,1,1,0,0,1,0,2,1,3
R_3B0CvAWYoiOf3gJ,1,0,1,0,1,1,3,1,4
R_7wt1STIZBEIu6bL,0,1,0,1,0,1,0,3,3
R_74JfUeWc9ADiGaR,1,1,0,0,0,0,1,1,2
R_5lQQNvecWLpoVBe,1,0,1,0,1,0,3,0,3
R_65mc4QbroUnu8Xn,1,1,1,0,1,0,3,1,4
